ID,Name,V(λ) Reflectance,M(λ) Reflectance,M/P Ratio,L*,a*,b*,R_reflectance,G_reflectance,B_reflectance,Specularity,Roughness
00001,"White Painted Room Walls","","","0.95","91.99","-0.28","5.53","83.16%","81.16%","72.26%","0.36%","0.20"
00002,"Dark Grey Floor Tiles","","","0.95","51.76","0.82","2.97","20.15%","18.79%","17.16%","1.25%","0.20"
00003,"White Painted Room Ceiling","","","0.94","92.42","-0.09","5.88","84.62%","82.06%","72.63%","0.44%","0.20"
00004,"Light Brown Wooden Doors","","","0.72","69.74","5.69","24.04","52.35%","38.15%","19.30%","2.01%","0.10"
00005,"Whiteboard Door","","","1.03","92.53","-1.56","-1.38","77.49%","81.53%","82.99%","5.49%","0.01"
00006,"Dark Grey Floor Tiles Nonslip","","","0.95","54.90","-0.40","3.48","23.41%","22.86%","20.48%","0.15%","0.30"
00007,"Light Grey Floor Tiles Nonslip","","","0.90","70.38","0.20","8.57","44.42%","41.40%","33.28%","0.19%","0.30"
00008,"White Painted Corridor Walls","","","0.95","91.39","-0.40","5.18","81.43%","79.84%","71.50%","0.39%","0.20"
00009,"Orange Painted Corridor Walls","","","0.44","52.77","23.90","34.17","42.89%","16.20%","5.28%","0.08%","0.20"
00010,"Purple Painted Corridor Walls","","","1.22","49.31","0.74","-10.84","16.10%","17.25%","24.47%","0.00%","0.20"
00011,"Dark Grey Tiles On Lift Lobby","","","0.98","53.42","-0.49","1.96","21.67%","21.42%","20.13%","0.10%","0.20"
00012,"Light Grey Tiles On Lift Lobby","","","0.94","73.01","-0.35","6.15","47.13%","45.34%","38.91%","0.26%","0.20"
00013,"Lift Interior Door","","","0.96","70.96","0.43","3.57","34.01%","31.90%","27.87%","14.99%","0.05"
00014,"Grey Painted Door Dry Riser","","","0.99","65.81","-0.39","1.38","34.55%","34.65%","33.19%","0.93%","0.20"
00015,"White Painted Door","","","0.95","90.97","0.37","5.10","81.26%","78.00%","70.21%","2.54%","0.10"
00016,"Black Painted Door","","","1.01","25.54","0.06","-0.45","1.09%","1.11%","1.21%","3.52%","0.10"
00017,"Dark Grey Stone Tiles","","","0.98","57.23","-0.61","2.00","25.14%","25.30%","23.68%","0.10%","0.30"
00018,"Light Grey Stone Tiles","","","0.98","59.81","-0.51","1.97","28.05%","28.11%","26.44%","0.00%","0.30"
00019,"Dark Grey Stone Tiles","","","0.98","58.66","-0.68","1.85","26.59%","26.85%","25.28%","0.06%","0.30"
00020,"Yellow Painted Stone Tiles","","","0.34","75.24","19.47","63.99","85.21%","45.21%","2.99%","0.26%","0.30"
00021,"Grey Sidewalk Metal Clad","","","1.06","41.88","-0.56","-2.84","10.40%","11.19%","12.43%","1.43%","0.20"
00022,"Yellow Painted Walls","","","0.53","75.51","0.36","52.70","63.03%","51.80%","8.29%","0.07%","0.20"
00023,"Light Grey Plastic Railing","","","0.97","57.54","-0.24","2.68","25.37%","24.99%","22.96%","0.82%","0.20"
00024,"Railing Curb","","","1.05","41.24","-0.58","-2.39","10.80%","11.50%","12.48%","0.63%","0.20"
00025,"Wooden Floor Planks","","","0.60","38.05","10.81","17.06","16.41%","8.83%","4.58%","0.17%","0.20"
00026,"Wooden Door","","","0.87","26.26","5.03","3.15","5.60%","3.70%","3.38%","0.79%","0.20"
00027,"Grey Aluminium Facade Clading","","","0.95","51.71","-0.16","3.51","18.80%","18.35%","16.08%","2.07%","0.10"
00028,"Wooden Bench","","","0.64","36.47","8.76","14.26","13.91%","8.16%","4.60%","0.30%","0.20"
00029,"Brushed Metal Joint Of Wooden Bench","","","0.94","76.67","0.65","5.13","48.43%","45.16%","38.97%","10.55%","0.05"
00030,"Dark Grey Floor","","","0.99","47.42","0.05","0.39","15.66%","15.56%","15.34%","0.93%","0.20"
00031,"Offwhite Floor","","","0.92","83.35","0.61","7.57","66.36%","62.18%","52.46%","2.13%","0.20"
00032,"Steel Railing","","","0.91","70.72","1.02","7.46","39.75%","35.60%","27.97%","9.49%","0.05"
00033,"Violet Painted Walls","","","1.30","72.76","9.59","-22.04","46.35%","39.73%","70.93%","0.04%","0.20"
00034,"Violet Painted Interior Walls","","","1.18","71.25","9.58","-14.28","47.67%","37.99%","58.19%","0.08%","0.20"
00035,"Black Wooden Stage Floor","","","0.98","25.98","0.53","0.54","3.94%","3.74%","3.64%","1.01%","0.20"
00036,"Grey Painted Interior Wall Ornament","","","1.00","33.57","0.68","-0.46","7.94%","7.74%","7.94%","0.00%","0.20"
00037,"Blue Tiles","","","1.46","46.38","-5.78","-17.61","4.74%","11.98%","22.56%","4.44%","0.10"
00038,"Turquoise Tiles","","","1.52","53.02","-22.53","-10.27","2.49%","20.40%","24.89%","4.41%","0.10"
00039,"Light Green Tiles","","","0.94","59.24","-7.04","9.65","22.60%","26.75%","18.15%","3.09%","0.10"
00040,"Blue Green Painted Walls","","","1.75","50.24","-31.51","-12.78","-0.13%","20.92%","26.01%","1.40%","0.20"
00041,"Dark Grey Painted Floor","","","1.06","42.83","-1.16","-2.58","10.53%","11.70%","12.74%","1.68%","0.20"
00042,"Light Grey Painted Floor","","","0.95","67.19","-0.36","3.82","36.48%","35.96%","32.14%","1.92%","0.20"
00043,"White Painted Pillars","","","0.93","94.41","0.00","6.73","89.88%","86.74%","75.60%","0.54%","0.20"
00044,"Grey Painted Pillars","","","0.95","51.52","0.33","2.92","19.20%","18.55%","16.70%","1.54%","0.20"
00045,"Blue Painted Walls","","","1.99","57.17","-11.78","-34.88","6.77%","25.23%","56.85%","0.00%","0.20"
00046,"Mosaic Floor","","","1.02","70.38","-0.65","0.24","40.54%","40.25%","40.17%","1.48%","0.20"
00047,"Interior Cladding Lift","","","1.00","69.19","-0.49","0.22","38.52%","39.24%","38.69%","0.99%","0.20"
00048,"Wooden Interior Wall Cladding","","","0.52","46.70","16.40","26.42","28.55%","12.78%","4.77%","0.60%","0.20"
00049,"Plastic Sideboard","","","0.99","94.96","-1.17","1.82","86.37%","87.65%","83.92%","3.83%","0.10"
00050,"Black Stone Tiles","","","1.03","32.48","-0.56","-1.20","6.58%","6.95%","7.27%","0.43%","0.20"
00051,"Aluminium Grey Overhang","","","0.96","51.23","0.06","2.34","18.35%","17.87%","16.41%","2.01%","0.10"
00052,"Clean Dark Pink Painted Wall","","","0.80","50.46","21.50","4.57","33.94%","14.12%","16.44%","0.00%","0.20"
00053,"Dirty Dark Pink Painted Wall","","","0.79","53.40","17.24","7.93","35.33%","17.51%","16.90%","0.00%","0.20"
00054,"Aluminium Green Overhang","","","0.66","58.98","-13.70","36.66","22.78%","29.95%","4.83%","2.10%","0.20"
00055,"Aluminium White Cladding","","","0.98","74.25","-0.16","2.04","46.52%","46.17%","43.68%","2.07%","0.10"
00056,"Clean Green Painted Wall","","","0.67","76.53","-14.16","41.60","47.12%","58.20%","14.95%","0.08%","0.20"
00057,"Metal Railing","","","0.93","69.07","0.82","5.58","31.85%","28.55%","22.63%","15.16%","0.05"
00058,"Dark Grey Tiles","","","0.99","38.56","0.29","0.56","9.54%","9.25%","9.08%","1.22%","0.20"
00059,"Grey Floor Tiles","","","0.98","42.34","-0.29","1.41","12.84%","12.76%","12.09%","0.01%","0.20"
00060,"Purple Cubicle Door","","","1.06","78.73","7.69","-7.39","60.61%","50.21%","63.20%","0.97%","0.20"
00061,"Porcelain White Sink","","","0.99","92.20","-0.31","1.12","80.45%","80.54%","78.46%","4.30%","0.05"
00062,"Interior Flooring","","","1.01","68.15","-0.68","0.16","36.99%","37.68%","37.29%","1.07%","0.20"
00063,"White Cupboard Top Surface","","","0.99","93.92","-1.10","2.52","84.78%","85.53%","80.93%","1.27%","0.20"
00064,"White Cupboard Side Surface","","","0.99","94.27","-1.11","2.30","85.46%","86.32%","82.06%","1.35%","0.20"
00065,"Grey Door Frame","","","0.95","52.16","0.29","2.53","20.02%","19.51%","17.84%","1.08%","0.20"
00066,"Wooden Textured Table Top","","","0.55","53.23","14.97","28.99","36.03%","18.24%","6.71%","0.58%","0.20"
00067,"White Metal Table Frame","","","0.97","92.96","0.44","3.54","85.40%","82.58%","77.07%","1.48%","0.10"
00068,"Whiteboard Surface Moveable Panel","","","0.97","89.61","-0.45","3.11","75.04%","74.59%","69.29%","5.20%","0.10"
00069,"Moveable Panel Wall","","","0.99","94.89","-1.09","1.83","86.60%","87.66%","84.12%","2.09%","0.05"
00070,"White Painted Walls","","","0.93","93.16","-0.54","6.71","85.93%","84.19%","73.00%","0.35%","0.20"
00071,"White Electrical Chase","","","0.95","92.17","-0.45","5.26","82.97%","81.31%","72.66%","1.79%","0.20"
00072,"White Ceiling Panels","","","0.98","93.73","-0.42","3.03","85.74%","84.95%","79.80%","0.47%","0.30"
00073,"Metal Reflector On Ceiling","","","1.02","80.36","-0.32","-0.94","20.71%","22.91%","24.66%","44.82%","0.01"
00074,"Whiteboard","","","0.96","94.57","-1.09","5.13","86.91%","86.66%","77.05%","6.68%","0.01"
00075,"Metal Ledge Of Whiteboard","","","0.95","79.43","0.60","4.78","53.01%","49.72%","43.49%","11.77%","0.05"
00076,"Light Grey Electrical Chase","","","0.98","75.77","-0.11","2.14","50.06%","49.36%","46.85%","0.51%","0.20"
00077,"White Painted Corridor Ceiling","","","0.94","94.55","-0.17","6.38","89.77%","87.09%","76.44%","0.53%","0.20"
00078,"Black Ceiling","","","1.00","26.94","0.20","-0.24","4.60%","4.56%","4.63%","0.52%","0.20"
00079,"Blackboard","","","1.00","23.29","0.11","-0.07","3.88%","3.86%","3.88%","0.02%","0.30"
00080,"Wooden Frame Of Blackboard","","","0.66","66.38","6.77","29.74","49.34%","33.56%","13.28%","1.61%","0.20"
00081,"Aluminium Purple Overhang","","","1.03","72.67","3.98","-2.96","47.43%","41.50%","46.66%","2.10%","0.10"
00082,"Exterior White Painted Concrete Slab","","","1.01","92.79","-0.75","0.34","81.80%","82.60%","81.79%","0.39%","0.20"
00083,"Aluminium Grey Exterior Cladding","","","0.98","74.49","-0.19","1.74","46.59%","46.39%","44.21%","2.37%","0.20"
00084,"Aluminium White Handrail","","","1.02","90.97","-1.56","-0.12","75.79%","78.65%","78.11%","1.72%","0.20"
00085,"Green Cubicle Doors","","","0.70","78.64","-16.37","40.73","48.06%","62.01%","16.24%","1.27%","0.20"
00086,"Dark Grey Aluminium Roof Lining","","","0.96","50.99","0.18","2.51","18.50%","17.97%","16.41%","1.65%","0.20"
00087,"Grey Nonscratch Floor","","","1.01","68.57","-0.64","-0.05","37.49%","38.22%","38.03%","1.12%","0.20"
00088,"Wooden Textured Table Top","","","0.69","65.71","6.44","23.89","46.28%","32.54%","15.80%","2.00%","0.20"
00089,"Green Foam","","","1.18","82.44","-14.28","-5.59","39.84%","64.25%","67.24%","3.68%","0.20"
00090,"White Styrofoam","","","1.00","93.44","0.10","-0.17","83.93%","83.84%","84.10%","0.54%","0.20"
00091,"Bristol Board","","","1.03","96.33","1.45","-3.61","91.14%","89.60%","97.01%","0.74%","0.20"
00092,"Wood Table","","","0.59","61.79","13.07","28.29","46.28%","26.18%","10.43%","2.01%","0.20"
00093,"Hospital Floor","","","0.93","80.49","1.37","6.79","61.74%","56.72%","48.91%","1.33%","0.10"
00094,"Grey Stainless Steel Table Leg","","","0.98","65.52","-0.15","1.78","33.73%","33.35%","31.64%","2.18%","0.05"
00095,"Chair Cushion","","","0.61","53.41","10.95","23.24","31.84%","18.59%","8.07%","1.51%","0.20"
00096,"White Plastic Chair","","","0.90","84.71","-1.37","11.62","68.91%","66.19%","50.61%","0.89%","0.20"
00097,"Window Mullion","","","1.01","51.69","-0.45","-0.22","16.60%","17.13%","17.09%","3.45%","0.10"
00098,"Offwhite Plaster Wall","","","0.93","93.18","0.53","6.78","87.84%","83.55%","72.93%","0.43%","0.20"
00099,"Interior Light Shelf","","","0.98","76.73","-0.37","2.42","48.81%","48.45%","45.33%","5.58%","0.05"
00100,"Hospital Toilet Door","","","0.61","66.34","12.50","29.45","54.50%","32.44%","13.90%","1.01%","0.20"
00101,"Hospital Table Top","","","0.65","65.87","10.87","27.71","51.90%","32.00%","14.48%","1.16%","0.20"
00102,"Hospital Table Stand","","","0.99","38.80","-0.79","0.38","8.63%","9.13%","8.79%","1.73%","0.20"
00103,"Blue Mattress","","","1.41","68.66","-3.85","-22.61","26.84%","38.45%","63.43%","0.11%","0.20"
00104,"Beige Curtain","","","0.90","79.94","1.31","13.82","64.76%","55.61%","41.38%","0.47%","0.20"
00105,"Hospital Cabinet","","","0.94","72.46","-0.41","5.46","45.31%","44.13%","38.26%","1.06%","0.20"
00106,"Bedsheets","","","1.14","85.90","3.91","-14.35","65.09%","64.97%","89.04%","0.67%","0.20"
00107,"Motech Im60 Solar Panel Cell","","","1.18","29.96","1.04","-7.73","5.61%","6.05%","8.55%","4.11%","0.00"
00108,"Motech Im60 White Strips","","","1.00","67.01","-0.47","0.89","36.55%","36.79%","35.80%","4.40%","0.00"
00109,"Motech Im60 Silver Strips","","","1.00","63.27","-0.03","-0.20","31.82%","31.92%","32.02%","21.10%","0.00"
00110,"Motech Im60 Frame","","","1.01","85.25","-1.45","0.57","64.87%","67.13%","65.71%","3.99%","0.10"
00111,"Sunpower E20 Solar Panel Cell","","","1.16","23.45","1.06","-6.28","3.60%","3.83%","5.32%","2.99%","0.00"
00112,"Sunpower E20 White Diamond","","","0.99","69.42","-0.37","0.90","39.91%","40.07%","39.02%","3.18%","0.00"
00113,"Sunpower E20 Frame","","","1.00","25.99","0.21","0.04","4.79%","4.73%","4.73%","0.62%","0.10"
00114,"Stainless Steel Sink","","","0.95","71.27","-0.21","4.47","39.37%","37.34%","32.81%","8.21%","0.05"
00115,"Red Brick","","","0.66","43.01","13.04","14.94","22.44%","10.98%","7.53%","0.00%","0.30"
00116,"Greenish Grass","","","0.66","38.60","-9.18","20.51","9.77%","11.26%","4.11%","0.00%","0.20"
00117,"New Black Asphalt","","","0.98","24.21","0.24","0.76","4.29%","4.14%","4.01%","0.00%","0.30"
00118,"Old Black Asphalt","","","0.87","41.71","-0.07","7.07","12.28%","10.85%","8.10%","1.52%","0.30"
00119,"Aged Redwood","","","0.86","35.21","0.36","6.72","9.72%","8.48%","6.51%","0.00%","0.30"
00120,"Stop Sign (Red)","","","0.41","38.23","44.14","21.97","33.26%","1.45%","1.99%","2.14%","0.05"
00121,"Stop Sign (White)","","","0.99","79.56","-2.06","2.55","52.73%","54.64%","50.85%","4.24%","0.05"
00122,"Wooden Telephone Pole","","","0.84","38.66","-0.14","8.08","11.74%","10.37%","7.62%","0.00%","0.30"
00123,"New White Street Paint","","","0.91","83.87","-2.58","10.47","66.06%","64.18%","50.89%","0.55%","0.20"
00124,"Old White Street Paint","","","0.88","68.61","-0.69","11.14","42.60%","38.63%","29.32%","0.00%","0.20"
00125,"Blue Mailbox","","","1.39","31.26","0.82","-12.91","1.21%","3.16%","7.55%","3.82%","0.10"
00126,"Old Yellow Streed Paint","","","0.42","63.07","7.28","47.76","50.54%","28.72%","5.32%","0.00%","0.20"
00127,"Stop Sign Back (Brown)","","","0.74","38.41","3.73","12.00","13.75%","9.70%","6.34%","0.00%","0.20"
00128,"Stop Sign Back (Metal)","","","0.97","77.17","-0.41","3.04","49.83%","48.70%","45.13%","6.10%","0.20"
00129,"Concrete Street Curb","","","0.87","45.96","-0.64","7.99","16.62%","15.20%","11.58%","0.00%","0.30"
00130,"Aged Galvanized Steel","","","1.02","54.26","-1.98","-0.22","20.37%","22.18%","21.89%","0.57%","0.20"
00131,"Dupont Light Red 1","","","0.38","56.88","46.69","29.43","71.59%","12.40%","9.75%","0.00%","0.00"
00132,"Dupont Red 2","","","0.10","34.07","57.93","48.08","37.82%","0.00%","0.02%","0.00%","0.00"
00133,"Dupont Dark Red 3","","","0.13","25.02","47.56","32.80","20.67%","0.00%","0.34%","0.00%","0.00"
00134,"Dupont Sky Blue 4","","","1.78","62.91","-11.06","-29.81","8.45%","35.37%","60.75%","0.00%","0.00"
00135,"Dupont Blue 5","","","2.53","44.47","-7.49","-34.68","0.00%","16.14%","36.39%","0.00%","0.00"
00136,"Dupont Orange 6","","","0.14","48.65","55.19","58.52","64.07%","5.13%","0.18%","0.00%","0.00"
00137,"Dupont Red 7","","","0.12","35.52","58.18","47.10","40.27%","0.25%","0.19%","0.00%","0.00"
00138,"Dupont Maroon 8","","","0.23","18.20","39.81","21.41","11.88%","0.00%","0.49%","0.00%","0.00"
00139,"Dupont Blue 9","","","1.79","62.80","-21.29","-23.64","3.78%","37.32%","53.36%","0.00%","0.00"
00140,"Dupont Blue 10","","","2.79","44.37","0.07","-43.42","0.00%","15.26%","44.05%","0.00%","0.00"
00141,"Dupont Red 11","","","0.09","40.32","61.72","54.15","51.44%","0.71%","0.00%","0.00%","0.00"
00142,"Dupont Red 12","","","0.11","39.10","63.23","53.40","50.06%","0.10%","0.00%","0.00%","0.00"
00143,"Dupont Dark Maroon 13","","","0.39","11.80","28.55","8.51","5.52%","0.21%","0.73%","0.00%","0.00"
00144,"Dupont Sky Blue 14","","","1.88","57.48","-8.98","-31.27","6.00%","28.43%","52.76%","0.00%","0.00"
00145,"Dupont Dark Blue 15","","","2.73","28.51","3.52","-35.56","0.08%","5.91%","19.55%","0.00%","0.00"
00146,"Dupont Orange Red 16","","","0.11","43.71","58.63","56.45","56.12%","2.39%","0.00%","0.00%","0.00"
00147,"Dupont Red 17","","","0.09","34.50","58.42","48.19","38.78%","0.00%","0.04%","0.00%","0.00"
00148,"Dupont Fuschia 18","","","0.96","26.38","42.74","-12.08","16.54%","1.06%","8.37%","0.00%","0.00"
00149,"Dupont Blue 19","","","2.34","34.41","-1.48","-32.35","0.64%","8.95%","23.15%","0.00%","0.00"
00150,"Dupont Dark Blue Grey 20","","","2.38","30.90","12.13","-37.15","2.93%","6.08%","22.71%","0.00%","0.00"
00151,"Dupont Red Orange 21","","","0.09","39.17","62.48","53.34","49.69%","0.27%","0.00%","0.00%","0.00"
00152,"Dupont Dark Red Orange 22","","","0.13","32.30","55.93","43.03","33.86%","0.00%","0.24%","0.00%","0.00"
00153,"Dupont Pale Blue 23","","","1.23","80.39","-8.44","-10.04","40.83%","61.02%","69.89%","0.00%","0.00"
00154,"Dupont Aquamarine 24","","","2.07","56.61","-16.76","-31.70","0.13%","29.04%","51.67%","0.00%","0.00"
00155,"Dupont Dark Blue 25","","","3.24","16.11","8.82","-32.50","0.00%","2.01%","9.46%","0.00%","0.00"
00156,"Dupont Red 26","","","0.10","37.27","60.34","51.49","44.75%","0.24%","0.00%","0.00%","0.00"
00157,"Dupont Red 27","","","0.11","32.06","55.64","43.75","33.39%","0.00%","0.17%","0.00%","0.00"
00158,"Dupont Pale Blue Sky 28","","","1.51","70.37","-11.62","-21.55","18.53%","45.66%","64.84%","0.00%","0.00"
00159,"Dupont Darker Blue 29","","","2.79","37.59","-0.14","-38.31","0.00%","10.69%","30.64%","0.00%","0.00"
00160,"Dupont Royal Blue 30","","","4.30","10.51","12.19","-31.70","0.00%","1.01%","6.52%","0.00%","0.00"
00161,"Dupont Orange Red 31","","","0.12","33.46","57.31","42.20","36.31%","0.00%","0.41%","0.00%","0.00"
00162,"Dupont Dark Red 32","","","0.15","28.21","51.29","34.98","25.88%","0.00%","0.48%","0.00%","0.00"
00163,"Dupont Sky Blue 33","","","1.57","67.56","-10.07","-23.84","16.15%","41.17%","62.31%","0.00%","0.00"
00164,"Dupont Blue 34","","","2.41","45.28","-5.73","-37.37","0.00%","16.60%","39.82%","0.00%","0.00"
00165,"Dupont Very Dark Blue 35","","","2.39","7.51","7.05","-19.57","0.39%","0.74%","3.01%","0.00%","0.00"
00166,"Dupont Very Dark Blue 36","","","2.56","4.45","3.86","-15.19","0.19%","0.45%","1.78%","0.00%","0.00"
00167,"Dupont Teal 37","","","1.48","50.76","-35.86","1.00","0.00%","24.82%","18.16%","0.00%","0.00"
00168,"Dupont Light Teal 38","","","0.90","76.97","-34.57","30.08","26.85%","61.65%","23.35%","0.00%","0.00"
00169,"Dupont Green 39","","","0.58","70.99","-34.37","62.64","28.00%","50.37%","2.66%","0.00%","0.00"
00170,"Dupont Pale Yellow 40","","","0.56","77.90","-5.71","50.11","65.55%","53.47%","11.97%","0.00%","0.00"
00171,"Dupont Very Dark Green 41","","","0.76","13.68","-8.46","10.60","1.17%","1.92%","0.69%","0.00%","0.00"
00172,"Dupont Dark Green 42","","","0.65","34.45","-15.20","29.41","6.45%","9.44%","1.42%","0.00%","0.00"
00173,"Dupont Light Pale Yellow 43","","","0.72","79.88","-10.01","28.30","57.35%","59.06%","28.26%","0.00%","0.00"
00174,"Dupont Light Desaturated Green 44","","","0.66","50.87","-6.19","25.39","20.91%","19.82%","7.50%","0.00%","0.00"
00175,"Dupont Desaturated Yellow 45","","","0.59","77.64","-3.20","43.46","66.20%","52.30%","15.62%","0.00%","0.00"
00176,"Dupont Very Dark Green 46","","","1.51","11.68","-13.03","-0.28","0.12%","1.73%","1.37%","0.00%","0.00"
00177,"Dupont Green 47","","","0.80","43.84","-22.31","24.76","7.86%","16.38%","4.69%","0.00%","0.00"
00178,"Dupont Pale Green 48","","","0.83","83.08","-15.71","24.80","54.59%","67.35%","35.03%","0.00%","0.00"
00179,"Dupont Light Forest Green 49","","","0.53","58.17","-14.05","41.95","25.87%","28.36%","5.01%","0.00%","0.00"
00180,"Dupont Dark Yellow 50","","","0.34","56.77","2.79","58.78","38.12%","23.12%","0.57%","0.00%","0.00"
00181,"Dupont Dark Green 51","","","1.32","17.79","-17.73","3.91","0.27%","3.19%","1.89%","0.00%","0.00"
00182,"Dupont Dark Green 52","","","1.17","24.15","-26.60","10.60","0.00%","5.58%","2.19%","0.00%","0.00"
00183,"Dupont Light Teal 53","","","1.00","54.21","-44.37","28.14","2.92%","29.36%","7.75%","0.00%","0.00"
00184,"Dupont Yellow Green 54","","","0.69","73.10","-23.74","49.31","37.91%","51.18%","9.07%","0.00%","0.00"
00185,"Dupont Yellow 55","","","0.47","83.93","-8.07","70.13","80.54%","64.89%","5.50%","0.00%","0.00"
00186,"Dupont Forest Green 56","","","0.74","29.61","-7.96","14.10","5.37%","6.61%","2.91%","0.00%","0.00"
00187,"Dupont Saturated Green 57","","","1.21","43.80","-42.20","22.00","0.00%","18.62%","5.31%","0.00%","0.00"
00188,"Dupont Bright Yellow Green 58","","","0.56","63.07","-43.70","64.41","13.42%","40.29%","0.00%","0.00%","0.00"
00189,"Dupont Yellow 59","","","0.48","79.75","-13.01","61.97","63.47%","59.07%","7.01%","0.00%","0.00"
00190,"Dupont Dark Yellow 60","","","0.30","73.54","-1.00","75.85","66.59%","44.52%","0.00%","0.00%","0.00"
00191,"Dupont Dark Green 61","","","1.10","27.60","-31.01","16.69","0.00%","7.23%","1.96%","0.00%","0.00"
00192,"Dupont Dark Green 62","","","0.81","33.79","-31.17","23.43","1.40%","10.42%","2.15%","0.00%","0.00"
00193,"Dupont Yellow Green 63","","","0.65","63.12","-42.29","53.74","13.09%","40.20%","2.79%","0.00%","0.00"
00194,"Dupont Very Light Yellow 64","","","0.77","90.35","-11.21","29.93","77.39%","80.70%","40.04%","0.00%","0.00"
00195,"Dupont Yellow 65","","","0.42","84.12","-5.28","71.48","85.00%","64.12%","5.05%","0.00%","0.00"
00196,"Dupont Dark Teal 66","","","1.37","54.07","-43.09","11.37","0.00%","29.30%","15.10%","0.00%","0.00"
00197,"Dupont Green 67","","","0.80","40.06","-38.82","32.34","1.40%","15.18%","1.88%","0.00%","0.00"
00198,"Dupont Yellow Green 68","","","0.62","64.20","-44.02","56.10","13.08%","42.07%","2.40%","0.00%","0.00"
00199,"Dupont Yellow 69","","","0.55","81.37","-8.06","57.70","71.87%","60.30%","10.13%","0.00%","0.00"
00200,"Dupont Yellow 70","","","0.40","80.76","-2.44","80.31","82.04%","56.71%","0.49%","0.00%","0.00"
00201,"Dupont Dark Yellow 71","","","0.25","78.39","7.55","80.58","88.78%","48.93%","0.00%","0.00%","0.00"
00202,"Dupont Dark Yellow 72","","","0.20","75.82","15.12","78.99","91.34%","42.20%","0.00%","0.00%","0.00"
00203,"Dupont Orange 73","","","0.11","46.81","47.22","57.56","53.92%","6.16%","0.00%","0.00%","0.00"
00204,"Dupont Neutral Clay 74","","","0.66","61.71","2.14","24.55","39.28%","28.91%","14.34%","0.00%","0.00"
00205,"Dupont Off White 75","","","0.86","75.30","-1.36","12.85","53.18%","48.73%","36.08%","0.00%","0.00"
00206,"Dupont Yellow 76","","","0.26","78.87","1.35","80.54","82.20%","52.05%","0.00%","0.00%","0.00"
00207,"Dupont Dark Yellow 77","","","0.18","69.97","23.50","74.72","85.52%","31.49%","0.00%","0.00%","0.00"
00208,"Dupont Red Orange 78","","","0.12","38.76","47.44","50.94","39.40%","2.99%","0.00%","0.00%","0.00"
00209,"Dupont Dark Desaturated Yellow 79","","","0.34","58.74","11.11","57.40","47.61%","23.10%","1.36%","0.00%","0.00"
00210,"Dupont White 80","","","0.88","90.51","-2.28","12.94","82.14%","77.78%","59.81%","0.00%","0.00"
00211,"Dupont Yellow 81","","","0.34","80.66","-2.89","81.75","81.44%","56.68%","0.00%","0.00%","0.00"
00212,"Dupont Yellow Orange 82","","","0.17","68.07","25.71","73.30","83.02%","28.55%","0.00%","0.00%","0.00"
00213,"Dupont Brown 83","","","0.47","20.54","10.15","16.54","6.12%","2.45%","1.00%","0.00%","0.00"
00214,"Dupont Yellow 84","","","0.21","68.57","14.42","72.79","71.88%","32.81%","0.00%","0.00%","0.00"
00215,"Dupont Bright White 85","","","0.97","90.69","-2.51","4.88","77.18%","78.70%","70.79%","0.00%","0.00"
00216,"Dupont Yellow 86","","","0.43","87.41","-7.59","77.74","91.46%","71.50%","3.74%","0.00%","0.00"
00217,"Dupont Orange 87","","","0.15","62.52","37.06","69.65","80.87%","19.32%","0.00%","0.00%","0.00"
00218,"Dupont Dark Brown 88","","","0.63","18.57","4.80","11.06","4.12%","2.35%","1.26%","0.00%","0.00"
00219,"Dupont Yolk Yellow 89","","","0.44","70.75","5.42","54.40","64.38%","38.72%","6.18%","0.00%","0.00"
00220,"Dupont Off White 90","","","0.87","90.67","-1.96","13.36","83.25%","77.95%","59.57%","0.00%","0.00"
00221,"Dupont Yellow 91","","","0.47","86.48","-8.31","71.05","86.62%","70.02%","6.34%","0.00%","0.00"
00222,"Dupont Orange 92","","","0.16","54.23","43.29","63.31","66.65%","11.21%","0.00%","0.00%","0.00"
00223,"Dupont Light Brown 93","","","0.36","32.37","17.48","30.02","16.26%","5.18%","1.20%","0.00%","0.00"
00224,"Dupont Yellow 94","","","0.59","81.53","-5.52","47.85","72.77%","59.86%","15.95%","0.00%","0.00"
00225,"Dupont White 95","","","0.93","93.35","-0.87","6.99","87.23%","83.80%","73.41%","0.00%","0.00"
00226,"Dupont Yellow 96","","","0.57","88.56","-9.23","55.18","86.12%","75.08%","16.87%","0.00%","0.00"
00227,"Dupont Orange 97","","","0.14","56.23","47.90","65.48","75.72%","11.24%","0.00%","0.00%","0.00"
00228,"Dupont Light Brown 98","","","0.63","50.90","8.30","21.15","29.18%","17.22%","9.22%","0.00%","0.00"
00229,"Dupont Pale Yellow 99","","","0.71","86.83","-3.58","31.88","81.46%","69.78%","33.62%","0.00%","0.00"
00230,"Dupont Off White 100","","","0.90","92.99","-2.85","12.00","86.41%","83.64%","65.71%","0.00%","0.00"
00231,"Dupont Pale Yellow 101","","","0.69","90.24","-8.60","38.49","84.90%","78.97%","31.75%","0.00%","0.00"
00232,"Dupont Saturated Orange 102","","","0.13","50.89","47.29","60.96","62.58%","8.20%","0.00%","0.00%","0.00"
00233,"Dupont Light Brown 103","","","0.52","51.96","9.75","30.59","33.01%","17.65%","6.41%","0.00%","0.00"
00234,"Dupont Desaturated Yellow 104","","","0.76","79.48","-2.66","23.58","63.69%","55.83%","31.89%","0.00%","0.00"
00235,"Dupont White 105","","","0.93","88.01","-1.97","7.21","73.71%","72.58%","62.43%","0.00%","0.00"
00236,"Dupont White 106","","","0.97","94.22","-2.00","5.04","86.07%","86.49%","78.08%","0.00%","0.00"
00237,"Dupont White 107","","","0.99","93.05","-2.25","2.60","81.25%","84.01%","79.10%","0.00%","0.00"
00238,"Dupont White Blue 108","","","1.10","87.96","-5.58","-3.75","61.30%","74.63%","77.16%","0.00%","0.00"
00239,"Dupont Desaturated White Blue 109","","","1.02","76.60","-2.07","-0.66","48.10%","51.62%","51.55%","0.00%","0.00"
00240,"Dupont Dark Blue Grey 110","","","1.05","37.88","-2.83","-0.84","8.76%","10.37%","10.32%","0.00%","0.00"
00241,"Dupont White 111","","","0.99","92.10","-1.98","3.25","80.01%","81.68%","76.09%","0.00%","0.00"
00242,"Dupont White 112","","","1.00","89.60","-2.35","2.06","73.25%","76.40%","72.47%","0.00%","0.00"
00243,"Dupont White 113","","","1.06","89.10","-2.74","-1.96","68.91%","75.72%","77.11%","0.00%","0.00"
00244,"Dupont Dirty White 114","","","0.96","65.09","-2.64","3.79","33.27%","34.75%","31.01%","0.00%","0.00"
00245,"Dupont Very Dark Blue 115","","","2.48","5.07","4.40","-15.05","0.29%","0.51%","1.87%","0.00%","0.00"
00246,"Dupont Off White 116","","","0.94","93.53","-1.96","7.78","86.38%","84.68%","72.64%","0.00%","0.00"
00247,"Dupont White 117","","","0.99","90.20","-3.34","3.43","73.89%","78.08%","71.77%","0.00%","0.00"
00248,"Dupont Dirty White 118","","","0.98","74.53","-2.83","4.35","46.48%","48.31%","43.03%","0.00%","0.00"
00249,"Dupont Desaturated Blue 119","","","1.09","53.87","-2.62","-3.52","19.04%","22.46%","24.09%","0.00%","0.00"
00250,"Dupont Midnight Black 120","","","1.16","3.07","0.01","-1.31","0.29%","0.34%","0.44%","0.00%","0.00"
00251,"Munsell 10Yr 8/10","","","0.37","79.45","9.35","63.69","90.97%","50.20%","6.56%","0.00%","0.00"
00252,"Munsell N 2.5","","","1.03","17.68","0.18","-0.80","2.42%","2.44%","2.57%","0.00%","0.00"
00253,"Munsell Mcc Magenta (2.5Rp 5/12)","","","1.03","49.45","47.77","-19.25","45.20%","8.54%","31.02%","0.00%","0.00"
00254,"Munsell 5Y 8/10","","","0.42","79.90","-6.48","74.55","74.05%","56.77%","2.09%","0.00%","0.00"
00255,"Munsell 2.5Yr 5/6","","","0.46","49.76","20.14","26.29","36.47%","13.93%","6.97%","0.00%","0.00"
00256,"Munsell N9.5","","","1.01","95.06","-0.81","0.48","86.75%","88.14%","86.99%","0.00%","0.00"
00257,"Munsell Mcc Cyan (5B 5/8)","","","2.00","51.51","-18.39","-25.77","0.11%","23.68%","38.18%","0.00%","0.00"
00258,"Munsell 10Rp 5/12","","","0.59","50.03","52.21","7.73","57.71%","7.12%","15.05%","0.00%","0.00"
00259,"Munsell 5R 5/12","","","0.40","48.59","52.11","24.94","58.06%","6.14%","7.29%","0.00%","0.00"
00260,"Munsell 10B 6/10","","","1.96","62.56","-10.15","-36.62","5.00%","35.03%","68.46%","0.00%","0.00"
00261,"Munsell 10G 7/8","","","1.24","72.88","-37.90","6.96","10.98%","55.84%","37.60%","0.00%","0.00"
00262,"Munsell N 4.0","","","1.01","40.11","-0.26","-0.47","11.11%","11.36%","11.50%","0.00%","0.00"
00263,"Munsell Mcc Bluesky (4.3Pb 4.95/5.5)","","","1.49","51.63","0.46","-23.28","12.29%","20.38%","36.39%","0.00%","0.00"
00264,"Munsell Mcc Foliage (6.7Gy 4.2/4.1)","","","0.67","42.67","-17.20","26.67","9.57%","14.86%","3.86%","0.00%","0.00"
00265,"Munsell 7.5R 4/12","","","0.32","39.74","45.32","29.42","38.32%","3.82%","2.99%","0.00%","0.00"
00266,"Munsell 7.5Yr 6/4","","","0.64","60.89","7.40","21.50","41.78%","26.74%","15.42%","0.00%","0.00"
00267,"Munsell N 5.5","","","1.02","56.03","-0.43","-0.84","23.38%","24.06%","24.50%","0.00%","0.00"
00268,"Munsell 10Y 5/6","","","0.47","50.41","-10.97","42.37","20.02%","20.04%","2.46%","0.00%","0.00"
00269,"Munsell Mcc Blueflower (9.7Pb 5.47/6.7)","","","1.48","55.76","12.74","-26.60","22.86%","21.71%","45.45%","0.00%","0.00"
00270,"Munsell 2.5R 6/12","","","0.56","59.03","46.97","15.19","73.51%","14.17%","18.05%","0.00%","0.00"
00271,"Munsell 5Yr 7/10","","","0.36","69.36","22.98","50.43","79.80%","31.24%","7.43%","0.00%","0.00"
00272,"Munsell N 8.25","","","1.02","83.34","-0.56","-1.08","61.39%","63.08%","64.16%","0.00%","0.00"
00273,"Munsell 10Bg 8/4","","","1.22","82.09","-17.01","-7.24","34.49%","67.30%","69.43%","0.00%","0.00"
00274,"Munsell 10Pb 8/4","","","1.18","80.83","6.07","-15.24","56.63%","56.57%","78.35%","0.00%","0.00"
00275,"Munsell 10Y 8/10","","","0.49","79.88","-15.81","73.82","62.73%","60.09%","2.16%","0.00%","0.00"
00276,"Munsell 2.5Yr 6/14","","","0.22","59.08","36.81","63.98","71.80%","16.52%","0.49%","0.00%","0.00"
00277,"Munsell N3.0","","","1.01","30.61","-0.12","-0.30","6.41%","6.50%","6.57%","0.00%","0.00"
00278,"Munsell 2.5Yr 5/4","","","0.59","49.81","13.89","17.66","30.87%","15.33%","10.04%","0.00%","0.00"
00279,"Munsell 10P 8/4","","","1.05","80.41","12.04","-7.64","68.74%","53.06%","67.23%","0.00%","0.00"
00280,"Munsell 10Gy 5/8","","","0.83","51.40","-36.03","34.18","6.71%","24.96%","4.64%","0.00%","0.00"
00281,"Munsell 7.5R 3/4","","","0.61","29.80","18.52","10.63","13.19%","4.31%","3.76%","0.00%","0.00"
00282,"Munsell N4.75","","","1.03","48.98","-0.52","-1.35","16.93%","17.70%","18.31%","0.00%","0.00"
00283,"Munsell 5R 4/14","","","0.30","37.22","58.47","25.35","41.95%","0.70%","3.25%","0.00%","0.00"
00284,"Munsell 10B 3/6","","","2.24","30.51","-3.09","-23.48","1.48%","7.06%","15.05%","0.00%","0.00"
00285,"Munsell 5Rp 7/8","","","0.92","69.88","30.76","-4.84","72.16%","30.65%","45.89%","0.00%","0.00"
00286,"Munsell 7.5 Pb 6/8","","","1.56","60.94","11.10","-31.96","24.08%","27.59%","59.93%","0.00%","0.00"
00287,"Munsell 5Pb 4/10","","","2.45","41.06","6.93","-41.77","2.87%","11.97%","37.87%","0.00%","0.00"
00288,"Munsell N 2.0","","","1.05","18.81","-0.24","-1.13","2.58%","2.72%","2.88%","0.00%","0.00"
00289,"Munsell 7.5R 5/12","","","0.34","58.30","45.98","35.50","75.27%","13.54%","8.15%","0.00%","0.00"
00290,"Munsell 5Gy 8/10","","","0.57","80.31","-31.27","70.46","45.47%","66.18%","3.29%","0.00%","0.00"
00291,"Munsell Mcc N5.0 (N 5/ )","","","1.01","51.32","-0.27","-0.67","19.20%","19.61%","19.94%","0.00%","0.00"
00292,"Munsell 5Bg 5/8","","","1.63","52.71","-33.63","-4.57","0.00%","26.70%","23.33%","0.00%","0.00"
00293,"Munsell 10Gy 6/10","","","0.77","60.98","-42.50","42.36","9.73%","37.39%","5.68%","0.00%","0.00"
00294,"Munsell N 3.5","","","1.03","35.99","0.06","-1.36","8.80%","9.02%","9.48%","0.00%","0.00"
00295,"Munsell 7.5Y 9/6","","","0.69","90.74","-10.04","45.74","86.90%","80.48%","26.02%","0.00%","0.00"
00296,"Munsell 7.5Yr 4/4","","","0.49","40.15","9.83","23.89","19.30%","9.72%","3.94%","0.00%","0.00"
00297,"Munsell 5Y 8.5/12","","","0.40","85.38","-6.50","85.51","89.14%","66.85%","0.00%","0.00%","0.00"
00298,"Munsell Mcc Blue (7.5Pb 2.9/12.7)","","","2.97","30.43","23.84","-49.56","3.05%","4.98%","30.50%","0.00%","0.00"
00299,"Munsell 2.5Y 8/2","","","0.82","80.79","-1.84","14.36","63.19%","58.18%","42.24%","0.00%","0.00"
00300,"Munsell N 7.25","","","1.02","73.32","-0.29","-0.99","44.85%","45.79%","46.67%","0.00%","0.00"
00301,"Munsell 10R 6/12","","","0.27","58.45","42.75","47.89","74.34%","14.45%","4.14%","0.00%","0.00"
00302,"Munsell Mcc Lightskin (2.2Yr 6.47/4.1)","","","0.80","66.21","13.30","17.26","54.65%","31.25%","22.60%","0.00%","0.00"
00303,"Munsell 2.5G 5/10","","","1.03","52.19","-48.69","28.39","0.30%","27.63%","6.68%","0.00%","0.00"
00304,"Munsell 5P 5/10","","","1.39","50.54","30.91","-31.06","28.99%","13.52%","42.08%","0.00%","0.00"
00305,"Munsell 5R 4/12","","","0.36","38.64","54.59","22.38","41.58%","1.82%","4.23%","0.00%","0.00"
00306,"Munsell Mcc Darkskin (3Yr 3.7/3.2)","","","0.64","37.68","11.52","14.36","16.83%","8.30%","5.46%","0.00%","0.00"
00307,"Munsell 10Yr 7/12","","","0.26","70.07","12.31","73.90","73.18%","35.37%","0.00%","0.00%","0.00"
00308,"Munsell 2.5 Pb 5/10","","","2.21","51.81","-1.57","-40.16","3.54%","21.56%","52.72%","0.00%","0.00"
00309,"Munsell 5G 5/6","","","1.04","51.50","-29.60","12.55","6.10%","24.44%","12.84%","0.00%","0.00"
00310,"Munsell 7.5Rp 4/10","","","0.71","39.08","44.50","-1.86","32.59%","4.09%","11.83%","0.00%","0.00"
00311,"Munsell N 6.25","","","1.01","63.72","-0.40","-0.80","31.80%","32.59%","33.11%","0.00%","0.00"
00312,"Munsell 5Pb 3/6","","","2.16","31.42","4.27","-28.43","2.81%","6.88%","18.24%","0.00%","0.00"
00313,"Munsell 2.5Pb 8/4","","","1.25","81.05","-2.52","-15.36","45.74%","60.33%","78.83%","0.00%","0.00"
00314,"Munsell 5G 3/4","","","1.12","31.81","-14.47","5.08","3.43%","8.21%","5.53%","0.00%","0.00"
00315,"Rock 1","","","0.72","40.26","7.93","12.03","17.00%","10.18%","7.17%","0.00%","0.00"
00316,"Rock 2","","","0.74","41.74","6.04","12.07","17.32%","11.30%","7.82%","0.00%","0.00"
00317,"Rock 3","","","0.95","63.22","-0.66","3.62","32.62%","31.91%","29.01%","0.00%","0.00"
00318,"Rock 4","","","0.85","63.70","0.41","12.07","37.04%","31.98%","23.45%","0.00%","0.00"
00319,"Rock 5","","","0.80","42.63","5.01","8.74","16.99%","12.05%","9.42%","0.00%","0.00"
00320,"Rock 6","","","0.94","54.98","-2.51","5.39","22.76%","23.29%","19.54%","0.00%","0.00"
00321,"Rock 7","","","0.74","51.62","8.21","13.64","28.46%","17.94%","12.79%","0.00%","0.00"
00322,"Rock 8","","","0.83","48.72","0.13","10.63","19.89%","17.14%","12.18%","0.00%","0.00"
00323,"Rock 9","","","0.94","37.01","-1.17","3.40","9.65%","9.63%","8.36%","0.00%","0.00"
00324,"Rock 10","","","0.74","42.76","1.47","14.70","16.34%","12.57%","7.40%","0.00%","0.00"
00325,"Rock 11","","","0.83","49.28","-1.18","11.28","19.76%","17.81%","12.24%","0.00%","0.00"
00326,"Rock 12","","","0.93","48.59","0.10","4.60","18.44%","17.15%","14.90%","0.00%","0.00"
00327,"Rock 13","","","0.86","65.01","0.58","10.72","38.53%","33.58%","25.72%","0.00%","0.00"
00328,"Rock 14","","","0.74","53.31","7.16","14.17","29.82%","19.58%","13.67%","0.00%","0.00"
00329,"Pine Needles","","","0.78","39.22","-8.01","14.43","9.83%","11.57%","5.90%","0.00%","0.00"
00330,"Silver Maple Leaf","","","0.59","36.08","-16.55","25.99","6.48%","10.50%","2.27%","0.00%","0.00"
00331,"Maple Dark Green Leaf","","","0.72","32.65","-9.24","14.45","6.24%","8.09%","3.65%","0.00%","0.00"
00332,"Bush Leaf","","","0.50","46.21","-19.13","39.85","12.26%","17.73%","1.91%","0.00%","0.00"
00333,"Tree Leaf","","","0.52","35.36","-17.75","32.14","6.25%","10.16%","1.17%","0.00%","0.00"
00334,"Tree Leaf 2","","","0.63","39.36","-10.17","21.52","9.93%","11.83%","4.10%","0.00%","0.00"
00335,"Weed Leaf","","","0.77","46.62","-10.73","15.80","13.41%","17.12%","8.79%","0.00%","0.00"
00336,"Red Bush Leaf","","","0.73","26.34","7.48","7.91","7.55%","4.22%","3.27%","0.00%","0.00"
00337,"Red Maple Leaf","","","0.86","22.98","6.06","2.72","5.35%","3.38%","3.31%","0.00%","0.00"
00338,"Bush Fern Like Leaf","","","0.57","29.12","-15.80","23.63","3.94%","6.93%","1.33%","0.00%","0.00"
00339,"Grass","","","0.57","32.55","-6.08","22.96","7.88%","7.70%","2.09%","0.00%","0.00"
00340,"Soil","","","0.78","20.55","3.01","6.90","4.19%","2.92%","2.08%","0.00%","0.00"
00341,"Locust Leaf","","","0.55","38.58","-16.41","29.66","8.00%","11.97%","2.17%","0.00%","0.00"
00342,"Vine Leaf","","","0.56","44.17","-13.57","29.79","12.39%","15.47%","3.60%","0.00%","0.00"
00343,"Oak Leaf","","","0.62","28.67","-13.63","19.07","4.01%","6.60%","1.88%","0.00%","0.00"
00344,"Weed Tree Leaf","","","0.69","33.34","-11.72","16.54","5.98%","8.64%","3.41%","0.00%","0.00"
00345,"Daisy White Petals","","","0.95","89.89","-3.88","8.84","75.86%","77.37%","63.86%","0.00%","0.00"
00346,"Daisy Yellow Center","","","0.24","60.56","5.34","65.31","46.72%","26.31%","0.00%","0.00%","0.00"
00347,"Buttercup Flower","","","0.28","63.69","-1.00","67.49","46.84%","31.40%","0.00%","0.00%","0.00"
00348,"Small Magenta Flower","","","0.90","76.23","1.33","11.06","57.12%","49.35%","39.04%","0.00%","0.00"
00349,"Small Magenta Flower (From Vine)","","","1.19","32.43","28.68","-16.02","15.11%","4.35%","13.26%","0.00%","0.00"
00350,"Bark","","","0.92","45.42","0.94","4.53","16.33%","14.61%","12.75%","0.00%","0.00"
00351,"Bark 2","","","0.90","38.62","-0.03","4.98","11.28%","10.37%","8.63%","0.00%","0.00"
00352,"Bark Pine","","","0.86","34.68","1.63","6.37","9.84%","8.09%","6.40%","0.00%","0.00"
00353,"Bark 3","","","0.77","52.02","4.10","13.61","26.19%","19.09%","13.03%","0.00%","0.00"
00354,"Bark 4","","","0.77","39.05","2.23","10.46","13.34%","10.26%","7.07%","0.00%","0.00"
00355,"Marigold Orange","","","0.11","57.02","29.34","64.29","60.45%","16.90%","0.00%","0.00%","0.00"
00356,"Marigold Yellow","","","0.29","68.07","4.20","71.58","60.17%","35.33%","0.00%","0.00%","0.00"
00357,"Pink Flower (Plant Had Red Leaves)","","","0.79","52.27","37.49","-0.20","47.52%","12.26%","20.97%","0.00%","0.00"
00358,"Red Flower (Plant Had Red Leaves)","","","0.25","36.21","52.54","28.02","37.08%","1.48%","2.48%","0.00%","0.00"
00359,"Asphalt","","","0.91","34.37","0.39","4.40","8.96%","8.09%","6.83%","0.00%","0.00"
00360,"Dark Blue Jeans","","","1.41","32.79","0.41","-14.48","5.11%","7.61%","12.67%","0.00%","0.00"
00361,"White Gray Wool Sock","","","0.92","72.46","-0.83","7.57","46.87%","44.33%","37.11%","0.00%","0.00"
00362,"Green Aqua Sock","","","0.75","59.34","-10.98","28.14","26.85%","29.22%","10.88%","0.00%","0.00"
00363,"Blue Magenta Rubber (Flo Ho Flip Flop)","","","1.66","44.86","4.24","-24.94","9.61%","14.37%","29.37%","0.00%","0.00"
00364,"Synthetic Cloth Blue (With Surfing Harness)","","","2.63","47.69","-6.83","-37.79","0.00%","18.73%","43.70%","0.00%","0.00"
00365,"Synthetic Cloth Red (With Surfing Harness)","","","0.27","30.59","54.41","24.36","29.81%","0.00%","1.90%","0.00%","0.00"
00366,"Dark Blue Towel","","","1.60","23.94","6.74","-17.56","3.45%","3.80%","8.70%","0.00%","0.00"
00367,"Red Towel","","","0.54","33.16","37.19","6.19","23.10%","3.16%","6.08%","0.00%","0.00"
00368,"Light Blue Towel","","","1.76","48.20","-7.20","-24.77","5.31%","18.78%","33.13%","0.00%","0.00"
00369,"Sneakers Orange","","","0.33","33.21","44.94","15.25","27.83%","1.99%","4.01%","0.00%","0.00"
00370,"Sneakers White (Dirty Leather)","","","0.90","81.47","-0.95","10.71","63.86%","59.21%","47.06%","0.00%","0.00"
00371,"Brown Leather (Bass Saddle Shoe)","","","0.61","37.07","8.09","18.15","15.33%","8.39%","4.29%","0.00%","0.00"
00372,"Brown Suede (Bass Saddle Shoe)","","","0.67","38.58","4.65","17.35","14.95%","9.62%","4.97%","0.00%","0.00"
00373,"Red Rubber (Bass Saddle Shoe)","","","0.62","37.40","18.63","16.84","20.06%","7.19%","4.79%","0.00%","0.00"
00374,"Dark Blue Cotton Sweat Pants","","","1.65","21.71","3.75","-16.50","2.37%","3.36%","7.29%","0.00%","0.00"
00375,"Red Letters On T Shirt","","","0.37","41.18","50.83","23.48","43.46%","3.34%","4.76%","0.00%","0.00"
00376,"Green Snow Hat","","","0.60","65.37","-31.50","50.78","22.24%","41.18%","4.65%","0.00%","0.00"
00377,"Light Green Towel","","","1.13","74.57","-12.61","-1.16","33.26%","51.76%","48.59%","0.00%","0.00"
00378,"Light Blue Towel 2","","","1.35","71.41","0.07","-21.01","31.73%","43.70%","66.40%","0.00%","0.00"
00379,"Banana Yellow (Just Turned)","","","0.52","77.47","-7.00","51.17","63.43%","53.16%","11.09%","0.00%","0.00"
00380,"Wheat Bread","","","0.71","68.93","3.71","25.08","52.14%","37.37%","19.85%","0.00%","0.00"
00381,"Wheat Bread Brust","","","0.49","44.70","14.22","30.40","26.93%","11.64%","3.86%","0.00%","0.00"
00382,"Pancake","","","0.53","39.01","12.40","24.67","19.54%","8.75%","3.45%","0.00%","0.00"
00383,"Ripe Brown Banana","","","0.75","29.89","6.15","8.99","9.05%","5.56%","4.06%","0.00%","0.00"
00384,"Highlighter Pen (Plastic)","","","0.55","83.62","-30.57","73.98","52.60%","72.59%","3.21%","0.00%","0.00"
00385,"Swiss Army Knife (Plastic)","","","0.20","24.23","46.78","27.39","19.39%","0.00%","0.66%","0.00%","0.00"
00386,"Green Key Ring (Plastic)","","","0.86","57.29","-56.12","49.88","1.40%","34.65%","2.04%","0.00%","0.00"
00387,"Green Sport Shirt","","","1.62","42.58","-29.87","-1.88","0.00%","16.64%","13.51%","0.00%","0.00"
00388,"White Sport Shirt","","","1.01","86.78","1.20","-1.49","70.34%","69.12%","71.63%","0.00%","0.00"
00389,"White T Shirt","","","1.04","90.62","0.73","-3.70","76.20%","77.53%","83.17%","0.00%","0.00"
00390,"Faded Jeans","","","1.24","56.29","-0.47","-13.57","19.09%","24.70%","34.32%","0.00%","0.00"
00391,"Purple Ez Rig (Plastic)","","","1.69","45.60","26.64","-37.49","18.30%","11.39%","40.70%","0.00%","0.00"
00392,"Leather Brown Belt","","","0.75","23.60","6.01","6.90","5.91%","3.53%","2.75%","0.00%","0.00"
00393,"Black Backpack","","","0.99","19.55","0.26","0.93","2.99%","2.86%","2.73%","0.00%","0.00"
00394,"Dark Blue Bandana","","","1.67","18.49","13.05","-19.50","3.04%","2.09%","6.73%","0.00%","0.00"
00395,"Skin Caucasian (Light)","","","0.73","64.54","17.62","19.91","56.73%","27.97%","19.44%","0.00%","0.00"
00396,"Skin East Indian (Dark)","","","0.65","48.50","11.25","21.64","28.34%","14.82%","7.85%","0.00%","0.00"
00397,"Hair Black","","","0.95","12.84","0.36","1.30","1.64%","1.52%","1.40%","0.00%","0.00"
00398,"Skin East Indian (Light)","","","0.68","55.04","13.16","22.54","38.18%","19.64%","11.06%","0.00%","0.00"
00399,"Hair Black 2","","","0.96","12.69","-0.04","0.97","1.56%","1.51%","1.41%","0.00%","0.00"
00400,"Skin Caucasian","","","0.77","62.64","13.82","18.33","49.35%","27.00%","18.70%","0.00%","0.00"
00401,"Skin Caucasian 2","","","0.73","57.07","12.83","19.96","40.27%","21.61%","13.54%","0.00%","0.00"
00402,"Skin Caucasian (Light) 2","","","0.77","64.01","12.87","18.47","50.80%","28.78%","19.79%","0.00%","0.00"
00403,"Skin Caucasian (Light) 3","","","0.81","69.56","10.57","16.74","57.67%","36.31%","26.31%","0.00%","0.00"
00404,"Hair Red","","","0.54","38.76","10.51","24.24","18.41%","8.89%","3.46%","0.00%","0.00"
00405,"Skin Caucasian (Dark)","","","0.68","53.22","11.61","22.20","34.51%","18.43%","10.12%","0.00%","0.00"
00406,"Skin East Indian (Light) 2","","","0.70","53.38","8.27","20.22","31.97%","19.30%","11.00%","0.00%","0.00"
00407,"Skin African American","","","0.75","67.12","9.46","20.36","53.38%","33.43%","21.35%","0.00%","0.00"
00408,"Skin Asian","","","0.72","58.08","13.31","20.78","42.33%","22.43%","13.84%","0.00%","0.00"
00409,"Skin Caucasian 3","","","0.74","54.27","10.12","18.79","34.11%","19.71%","12.20%","0.00%","0.00"
00410,"Skin Caucasian 4","","","0.80","63.78","14.20","15.04","50.64%","28.23%","21.76%","0.00%","0.00"
00411,"Hair Brown","","","0.75","28.05","4.28","9.95","7.67%","5.04%","3.33%","0.00%","0.00"
00412,"Skin Caucasian 5","","","0.75","54.96","17.24","16.88","39.97%","18.75%","13.64%","0.00%","0.00"
00413,"Hair Gray Black","","","0.83","17.38","2.08","4.23","2.97%","2.26%","1.83%","0.00%","0.00"
00414,"Skin African American 2","","","0.75","24.68","6.17","7.91","6.47%","3.82%","2.84%","0.00%","0.00"
00415,"Skin Caucasian 6","","","0.80","61.51","10.95","15.99","44.31%","26.61%","19.08%","0.00%","0.00"
00416,"Hair Brown 2","","","0.54","23.86","6.87","18.86","6.98%","3.48%","1.20%","0.00%","0.00"
00417,"Skin Caucasian (Dark With Makeup)","","","0.69","59.76","12.38","24.05","44.90%","24.25%","13.38%","0.00%","0.00"
00418,"Skin Caucasian 7","","","0.76","60.64","11.14","18.48","43.83%","25.59%","16.93%","0.00%","0.00"
00419,"Skin Caucasian (Dark) 2","","","0.75","48.78","5.44","17.60","24.42%","16.15%","9.41%","0.00%","0.00"
00420,"Skin Caucasian (Light)","","","0.73","64.54","17.62","19.91","56.73%","27.97%","19.44%","0.00%","0.00"
00421,"Skin Caucasian 8","","","0.72","63.72","11.32","21.89","49.82%","28.81%","17.48%","0.00%","0.00"
00422,"Skin Caucasian (With Makeup)","","","0.73","57.86","13.94","18.26","41.92%","22.11%","14.96%","0.00%","0.00"
00423,"Hair Blonde","","","0.68","38.47","4.53","16.43","14.70%","9.59%","5.16%","0.00%","0.00"
00424,"Skin African American3","","","0.82","26.30","3.42","6.50","6.35%","4.54%","3.50%","0.00%","0.00"
00425,"Skin Caucasian 9","","","0.68","60.73","11.98","24.33","46.15%","25.34%","13.91%","0.00%","0.00"
00426,"Skin Caucasian 10","","","0.73","56.95","11.51","19.77","39.01%","21.81%","13.53%","0.00%","0.00"
00427,"Skin Caucasian 11","","","0.72","57.11","14.36","19.96","41.55%","21.28%","13.59%","0.00%","0.00"
00428,"Skin Asian 2","","","0.74","61.50","13.35","19.16","47.29%","25.89%","17.26%","0.00%","0.00"
00429,"Skin Caucasian (With Makeup) 2","","","0.70","63.18","13.10","20.83","50.28%","27.74%","17.68%","0.00%","0.00"
00430,"Skin Caucasian 12","","","0.77","57.01","14.39","16.73","40.67%","21.25%","15.13%","0.00%","0.00"
00431,"Skin Caucasian (Arm)","","","0.81","64.33","7.46","16.87","45.78%","30.70%","20.99%","0.00%","0.00"
00432,"Wood Pine","","","0.62","66.06","7.13","32.12","52.47%","32.53%","13.59%","0.00%","0.00"
00433,"Wood Pine Treated","","","0.74","62.86","-0.26","24.19","38.79%","30.86%","15.34%","0.00%","0.00"
00434,"Wood Maple","","","0.72","65.78","5.16","22.71","47.64%","32.96%","18.61%","0.00%","0.00"
00435,"Wood Oak","","","0.68","63.34","4.82","26.12","44.40%","30.05%","14.74%","0.00%","0.00"
00436,"Bamboo","","","0.59","64.41","6.32","36.35","49.85%","30.70%","10.46%","0.00%","0.00"
00437,"Wood Pine (Whiter)","","","0.60","70.24","5.47","38.41","59.98%","38.30%","13.19%","0.00%","0.00"
00438,"Wood Worm","","","0.56","47.86","12.95","25.64","29.25%","14.00%","6.28%","0.00%","0.00"
00439,"Wood Redwood","","","0.54","50.20","14.48","27.91","33.49%","15.36%","6.57%","0.00%","0.00"
00440,"Wood Walnut","","","0.69","46.52","7.56","17.40","23.32%","14.12%","8.34%","0.00%","0.00"
00441,"Bark Chip I","","","0.80","42.95","3.36","10.68","16.77%","12.47%","8.88%","0.00%","0.00"
00442,"Bark Chip Ii","","","0.78","40.95","4.56","10.96","15.82%","11.05%","7.80%","0.00%","0.00"
00443,"Bark Chip Iii","","","0.65","57.49","5.24","27.31","36.52%","23.65%","10.35%","0.00%","0.00"
00444,"Cucumber","","","0.45","40.73","-19.30","41.54","8.96%","13.62%","0.66%","0.00%","0.00"
00445,"Prune (With Specularities)","","","0.96","20.17","1.22","0.91","3.32%","2.96%","2.88%","0.00%","0.00"
00446,"Corn (Raw)","","","0.49","79.07","0.75","51.48","76.23%","53.08%","12.15%","0.00%","0.00"
00447,"Corn Husk","","","0.58","48.46","-16.03","33.11","14.62%","19.23%","4.09%","0.00%","0.00"
00448,"Apple Yellow Delicious","","","0.45","77.53","-3.23","64.98","70.97%","51.69%","4.85%","0.00%","0.00"
00449,"Kiwi Outside","","","0.53","37.21","5.65","24.31","15.07%","8.72%","2.99%","0.00%","0.00"
00450,"Green Pepper","","","0.43","39.54","-20.21","45.80","8.23%","12.90%","0.00%","0.00%","0.00"
00451,"Peach Skin Yellow","","","0.43","69.10","8.19","52.03","63.48%","35.68%","6.39%","0.00%","0.00"
00452,"Peach Skin Red","","","0.47","42.04","32.70","21.65","33.25%","7.09%","5.34%","0.00%","0.00"
00453,"Lemon Skin","","","0.39","75.96","-1.35","77.88","71.74%","48.33%","0.00%","0.00%","0.00"
00454,"Cabbage","","","0.66","62.51","-15.44","32.99","28.07%","33.94%","10.54%","0.00%","0.00"
00455,"Lettuce","","","0.64","48.29","-14.97","26.90","14.21%","18.99%","5.80%","0.00%","0.00"
00456,"Carrot","","","0.24","59.43","36.44","54.49","71.28%","16.99%","2.60%","0.00%","0.00"
00457,"Pear","","","0.52","62.35","-12.23","46.68","32.91%","32.78%","5.12%","0.00%","0.00"
00458,"Sugar (White)","","","0.98","91.52","-1.01","3.14","80.20%","79.94%","75.03%","0.00%","0.00"
00459,"Bay Leaf","","","0.68","47.54","-5.09","21.51","17.95%","16.90%","7.29%","0.00%","0.00"
00460,"Barley Seeds","","","0.82","74.41","0.37","16.23","54.99%","46.62%","32.04%","0.00%","0.00"
00461,"Lentil Seeds","","","0.64","52.70","4.23","24.07","29.13%","19.48%","9.01%","0.00%","0.00"
00462,"Sesame Seeds","","","0.76","76.15","-0.77","25.40","60.32%","49.48%","26.63%","0.00%","0.00"
00463,"Brown Rice Seeds","","","0.65","68.14","0.12","34.29","49.77%","37.17%","13.80%","0.00%","0.00"
00464,"Sand","","","0.74","65.81","1.27","20.88","43.52%","34.12%","19.69%","0.00%","0.00"
00465,"Almond","","","0.64","68.88","4.22","33.65","54.96%","36.95%","14.75%","0.00%","0.00"
00466,"Walnut","","","0.64","59.60","7.23","27.95","41.23%","25.30%","11.37%","0.00%","0.00"
00467,"Brown Paper Bag","","","0.71","58.45","5.37","20.93","36.54%","24.70%","13.92%","0.00%","0.00"
00468,"Straw From Broom","","","0.63","60.17","1.16","34.29","38.41%","27.27%","8.88%","0.00%","0.00"
00469,"Gum Green","","","0.78","88.53","-14.12","34.63","71.43%","77.75%","33.00%","0.00%","0.00"
00470,"Denim","","","1.24","33.08","1.67","-8.98","6.68%","7.53%","10.67%","0.00%","0.00"
00471,"Fabric Green","","","1.10","23.04","-6.04","2.09","2.78%","4.16%","3.39%","0.00%","0.00"
00472,"Fabric White","","","0.92","92.97","1.01","7.16","89.51%","82.00%","72.43%","0.00%","0.00"
00473,"Yarn Yellow","","","0.70","85.61","-9.89","44.26","74.76%","69.54%","21.91%","0.00%","0.00"
00474,"Suede Gray","","","1.02","57.64","0.16","0.78","25.95%","25.52%","25.04%","0.00%","0.00"
00475,"Fabric Pink","","","0.93","60.18","25.66","-5.86","48.27%","21.90%","33.27%","0.00%","0.00"
00476,"Fabric Dark Brown","","","0.79","44.19","3.83","11.20","18.11%","13.21%","9.34%","0.00%","0.00"
00477,"Table Cloth White","","","0.96","91.37","0.62","3.89","82.95%","78.78%","73.68%","0.00%","0.00"
00478,"Fabric Pink Ii","","","0.93","84.76","16.03","-0.77","88.24%","58.64%","66.95%","0.00%","0.00"
00479,"Fabric Brown","","","0.66","52.84","6.76","23.73","30.94%","19.09%","9.24%","0.00%","0.00"
00480,"Raincoat Yellow","","","0.36","70.97","6.36","68.93","68.13%","38.53%","1.40%","0.00%","0.00"
00481,"Raincoat Blue","","","2.19","32.44","-1.53","-28.21","1.28%","7.89%","18.96%","0.00%","0.00"
00482,"Raincoat Magenta Red","","","0.79","33.12","48.48","-10.42","25.91%","1.75%","11.58%","0.00%","0.00"
00483,"Cotton Shirt Blue","","","1.49","27.56","2.68","-14.73","3.96%","5.26%","9.65%","0.00%","0.00"
00484,"Cotton Cloth Light Gray","","","1.01","64.76","0.48","-0.89","33.82%","33.64%","34.50%","0.00%","0.00"
00485,"Polished Copper","","","0.83","86.56","10.82","12.94","92.79%","63.69%","53.17%","70.72%","0.00"
00486,"Polished Gold","","","0.64","91.52","-1.98","38.91","98.40%","78.73%","33.12%","80.98%","0.00"
00487,"Polished Aluminum","","","1.00","96.84","-0.26","-0.26","91.38%","92.19%","92.46%","91.99%","0.00"
00488,"Polished Silver","","","0.98","98.39","-0.60","2.78","97.00%","96.03%","91.27%","95.98%","0.00"
00489,"Macbeth Dark Skin","","","0.51","35.57","13.61","21.96","16.80%","6.98%","3.08%","0.00%","0.00"
00490,"Macbeth Light Skin","","","0.76","69.03","16.87","17.53","63.73%","33.58%","25.29%","0.00%","0.00"
00491,"Macbeth Blue Sky","","","1.48","50.27","1.43","-23.33","11.96%","19.01%","34.67%","0.00%","0.00"
00492,"Macbeth Foliage","","","0.74","39.74","-20.51","28.13","6.96%","13.17%","2.70%","0.00%","0.00"
00493,"Macbeth Blue Flower","","","1.38","56.77","16.86","-24.83","27.98%","21.62%","45.34%","0.00%","0.00"
00494,"Macbeth Bluish Green","","","1.31","70.76","-24.78","-4.19","15.91%","49.16%","45.58%","0.00%","0.00"
00495,"Macbeth Orange","","","0.26","64.48","20.18","68.89","68.24%","26.39%","0.19%","0.00%","0.00"
00496,"Macbeth Purplish Blue","","","2.13","38.96","21.51","-43.94","8.06%","8.75%","36.95%","0.00%","0.00"
00497,"Macbeth Moderate Red","","","0.48","53.76","42.79","19.71","59.51%","11.51%","11.91%","0.00%","0.00"
00498,"Macbeth Purple","","","1.19","28.43","29.10","-19.82","11.73%","3.13%","12.20%","0.00%","0.00"
00499,"Macbeth Yellow Green","","","0.68","71.99","-30.22","55.59","31.67%","51.03%","5.67%","0.00%","0.00"
00500,"Macbeth Orange Yellow","","","0.35","73.36","5.19","73.88","72.82%","42.22%","0.61%","0.00%","0.00"
00501,"Macbeth Blue","","","2.90","27.99","32.05","-52.56","4.08%","3.40%","29.81%","0.00%","0.00"
00502,"Macbeth Green","","","0.91","55.37","-41.95","29.55","4.86%","30.34%","7.81%","0.00%","0.00"
00503,"Macbeth Red","","","0.27","43.60","57.52","33.23","53.45%","2.73%","3.38%","0.00%","0.00"
00504,"Macbeth Yellow","","","0.46","83.72","-8.48","83.96","82.05%","64.44%","0.00%","0.00%","0.00"
00505,"Macbeth Magenta","","","0.81","52.94","51.40","-10.43","57.41%","9.39%","28.60%","0.00%","0.00"
00506,"Macbeth Cyan","","","2.15","49.37","-9.57","-33.12","1.14%","20.47%","41.83%","0.00%","0.00"
00507,"Macbeth White","","","0.99","96.68","-0.61","1.75","91.93%","91.87%","88.81%","0.00%","0.00"
00508,"Macbeth Neutral 0.8","","","1.00","82.10","-0.45","0.54","60.21%","60.63%","59.81%","0.00%","0.00"
00509,"Macbeth Neutral 0.65","","","1.00","66.89","-0.61","0.45","36.10%","36.64%","36.08%","0.00%","0.00"
00510,"Macbeth Neutral 0.5","","","0.99","51.86","-0.27","0.83","20.08%","20.05%","19.53%","0.00%","0.00"
00511,"Macbeth Neutral 0.35","","","0.98","35.56","-0.04","0.73","8.88%","8.77%","8.53%","0.00%","0.00"
00512,"Macbeth Black","","","0.99","20.37","-0.06","0.26","3.09%","3.08%","3.04%","0.00%","0.00"
00513,"Green Mullion Vertical","","","0.99","36.94","-10.70","5.43","4.47%","9.07%","5.75%","1.97%","0.10"
00514,"Green Mullion Horizontal","","","0.98","36.78","-10.23","5.34","3.23%","7.64%","4.32%","3.33%","0.10"
00515,"Green Metal Door","","","1.07","38.35","-7.36","0.79","3.11%","6.93%","5.90%","4.57%","0.05"
00516,"Faux Wood Desk","","","0.82","80.01","1.63","20.27","65.79%","54.51%","32.71%","4.27%","0.10"
00517,"Black Fabric Cubicle Partition","","","0.96","28.08","1.19","1.68","6.15%","5.32%","5.03%","0.02%","0.20"
00518,"Silver Cublicle Partition Frame","","","1.00","83.58","-0.47","0.72","60.31%","60.85%","59.61%","6.76%","0.05"
00519,"Table Legs","","","1.00","89.09","-1.71","1.31","72.55%","74.64%","71.80%","1.51%","0.10"
00520,"White Board","","","1.03","92.11","-1.60","-1.43","76.55%","80.35%","81.42%","6.06%","0.01"
00521,"White Painted Wall","","","0.98","94.82","-0.74","2.78","87.84%","87.52%","82.26%","1.04%","0.20"
00522,"Wallpapered Column","","","0.96","64.60","0.34","2.80","34.50%","33.36%","30.86%","0.32%","0.20"
00523,"Brown Wall","","","0.88","34.31","4.24","3.34","9.89%","7.70%","7.01%","0.07%","0.20"
00524,"Purple Wall","","","1.88","32.43","7.06","-27.81","5.25%","5.86%","18.71%","0.12%","0.20"
00525,"Wooden Door","","","0.58","71.48","10.80","39.97","64.99%","39.75%","12.00%","1.28%","0.20"
00526,"Walkway White Floor","","","0.91","78.60","0.74","7.91","57.46%","53.22%","44.21%","2.29%","0.20"
00527,"Dark Carpet","","","0.98","27.66","-0.10","1.78","5.54%","5.31%","4.88%","0.00%","0.30"
00528,"Light Cupboard","","","1.01","74.86","-0.10","-0.21","46.75%","46.78%","46.80%","2.36%","0.20"
00529,"Dark Cupboard","","","1.02","40.12","0.53","-1.25","10.24%","10.14%","10.64%","1.24%","0.20"
00530,"Orange Wall","","","0.42","72.58","22.55","52.27","82.28%","38.51%","7.22%","0.40%","0.20"
00531,"Pink Wall","","","0.45","60.52","33.65","32.09","64.56%","19.90%","9.86%","0.24%","0.20"
00532,"Dropped Ceiling","","","0.98","93.82","-0.44","2.82","85.94%","84.99%","79.93%","1.00%","0.30"
00533,"Specular Grey Metal Cabinet","","","0.92","75.76","1.35","6.05","51.89%","48.25%","41.95%","2.35%","0.05"
00534,"Opaque Roller Blind","","","1.01","91.95","-1.49","0.41","78.62%","80.93%","79.43%","1.29%","0.20"
00535,"Light Mullion","","","1.00","78.39","-0.02","0.09","52.80%","52.66%","52.15%","2.54%","0.10"
00536,"White Wall","","","0.99","93.13","-0.34","1.95","84.19%","83.19%","79.69%","1.01%","0.20"
00537,"White Laminate Desktop","","","0.98","93.28","-0.71","2.70","83.84%","83.60%","78.64%","2.67%","0.10"
00538,"Grey Cubicle Background Fabric","","","1.02","71.88","-1.43","3.62","44.44%","43.03%","39.69%","0.37%","0.30"
00539,"Light Carpet","","","0.98","46.26","-0.38","1.57","15.55%","15.56%","14.61%","0.01%","0.30"
00540,"Dark Carpet","","","1.00","29.96","0.50","-0.77","6.24%","6.19%","6.39%","0.01%","0.30"
00541,"Metal Cabinet","","","0.97","90.17","-0.45","3.43","76.97%","76.23%","70.35%","3.84%","0.05"
00542,"Cubicle Wall Top Plastic","","","0.95","86.68","-0.20","5.13","71.48%","69.41%","61.93%","0.93%","0.20"
00543,"Blue Cubicle Fabric","","","2.18","31.91","0.19","-30.22","2.78%","6.23%","19.66%","0.03%","0.30"
00544,"Blue Painted Wall","","","1.91","52.49","-4.06","-33.11","9.47%","19.34%","46.66%","0.11%","0.20"
00545,"Wood Laminate Floor","","","0.92","68.24","1.20","7.77","41.75%","37.27%","30.69%","1.11%","0.20"
00546,"Dropped Ceiling Panel","","","0.99","93.87","-0.14","1.55","85.77%","84.93%","81.99%","0.96%","0.30"
00547,"Blue Carpet","","","1.46","31.36","-3.77","-15.40","3.67%","6.97%","12.11%","0.01%","0.30"
00548,"Blackout Roller Shade Opaque","","","1.01","75.98","-0.68","0.06","48.70%","49.60%","49.05%","0.96%","0.20"
00549,"Teal Cubicle Fabric","","","1.55","44.01","-20.66","-6.64","5.10%","15.45%","17.30%","0.06%","0.30"
00550,"Dark Blue Cubicle Fabric","","","1.66","44.21","-16.48","-15.09","4.65%","15.13%","22.19%","0.06%","0.30"
00551,"Blue Wall","","","1.83","62.18","-20.07","-27.30","8.11%","32.38%","56.73%","0.21%","0.20"
00552,"Grey Painted Wall","","","1.01","73.47","-0.47","-0.59","44.94%","45.87%","46.04%","0.35%","0.20"
00553,"Purple Cubicle Fabric","","","1.45","26.86","10.65","-18.47","5.77%","3.89%","10.56%","0.03%","0.30"
00554,"Purple Painted Wall","","","1.14","32.25","20.17","-14.66","12.26%","4.62%","12.39%","0.07%","0.20"
00555,"Green Cubicle Fabric","","","0.89","55.37","-11.79","22.08","21.18%","25.51%","11.23%","0.06%","0.30"
00556,"Green Painted Wall","","","0.56","74.99","-13.17","48.21","45.17%","56.47%","9.77%","0.41%","0.20"
00557,"Purple Carpet","","","1.03","18.05","12.25","-7.00","4.25%","1.79%","3.71%","0.01%","0.30"
00558,"Carpet Grey","","","0.88","24.59","1.33","4.10","4.90%","4.24%","3.44%","0.00%","0.30"
00559,"Green Fabric Cubicle Wall","","","0.67","71.82","-5.86","40.83","49.11%","46.33%","12.36%","0.31%","0.30"
00560,"Whiteboard Cubicle Wall","","","1.02","91.78","0.04","-1.12","78.93%","78.21%","79.99%","6.99%","0.30"
00561,"Faux Wood Desk Surface","","","0.80","78.73","3.48","20.68","66.39%","52.80%","32.27%","1.78%","0.10"
00562,"Grey Metal Desk Edge","","","1.00","79.19","-1.25","0.89","52.27%","53.92%","51.94%","4.06%","0.10"
00563,"White Painted Column","","","0.99","95.19","-0.87","2.27","88.33%","88.38%","83.87%","1.07%","0.20"
00564,"White Painted Wall","","","0.99","95.26","-0.95","2.28","88.36%","88.57%","84.01%","1.09%","0.20"
00565,"Grey Mullion","","","1.09","39.37","-2.01","-2.65","7.76%","9.01%","9.87%","2.21%","0.05"
00566,"Roller Blinds Black Backing","","","0.98","78.86","-1.11","3.27","54.42%","54.51%","50.15%","1.28%","0.20"
00567,"Roller Blinds White Backing","","","0.98","86.40","-1.29","4.44","69.32%","68.84%","62.19%","1.34%","0.20"
00568,"White Metal Led Desk Lamp Arm","","","0.99","88.81","0.46","1.43","74.95%","72.87%","70.71%","2.23%","0.10"
00569,"Acoustic Ceiling Tile","","","0.99","95.70","-0.35","1.29","89.64%","89.38%","86.77%","0.80%","0.30"
00570,"Metal HVAC Ceiling Grill","","","0.94","92.43","0.02","5.97","84.32%","81.46%","71.44%","3.89%","0.10"
00571,"Blackout Roller Shade","","","0.94","88.38","-0.90","6.97","74.71%","73.35%","62.55%","1.46%","0.20"
00572,"Whiteboard Paint","","","1.00","97.78","-0.65","1.37","94.24%","94.37%","91.20%","4.99%","0.01"
00573,"Off White Door","","","0.97","94.17","-1.11","4.21","86.07%","86.11%","78.52%","2.58%","0.20"
00574,"Dark Carpet","","","0.92","22.81","0.73","2.51","4.05%","3.70%","3.24%","0.02%","0.30"
00575,"Light Carpet","","","0.94","28.79","0.96","2.12","6.19%","5.69%","5.17%","0.02%","0.30"
00576,"White Laminate Desktop","","","0.98","93.11","-0.65","2.71","83.54%","83.16%","78.18%","2.75%","0.10"
00577,"Cubicle Backdrop","","","1.07","56.75","-0.66","0.03","25.02%","24.04%","24.51%","0.21%","0.30"
00578,"Green Rolling Cabinet","","","0.85","63.48","-41.24","35.93","5.59%","40.09%","4.83%","4.90%","0.05"
00579,"Mullion Grey","","","0.96","55.58","0.36","2.40","22.10%","21.25%","19.63%","2.84%","0.10"
00580,"White Rolling Cabinet","","","1.00","94.34","-0.79","0.85","85.21%","86.06%","83.95%","2.56%","0.05"
00581,"Matte White Wall","","","0.99","91.93","0.39","1.42","81.97%","80.18%","77.81%","0.98%","0.20"
00582,"Whiteboard Wall","","","0.97","96.91","-0.76","4.01","93.47%","92.35%","84.63%","4.91%","0.01"
00583,"White Painted Ceiling","","","0.99","95.29","-0.61","1.97","88.71%","88.48%","84.71%","1.04%","0.20"
00584,"Acoustic Ceiling Tiles","","","1.00","95.09","-0.12","0.78","88.13%","87.82%","86.11%","0.86%","0.30"
00585,"Wooden Cabinet","","","0.65","57.58","10.49","24.63","38.43%","23.19%","11.10%","0.42%","0.20"
00586,"Wood Laminate Table Top","","","0.78","75.76","5.08","18.31","61.12%","47.79%","30.81%","1.41%","0.10"
00587,"Grey Carpet","","","0.96","31.97","0.19","1.69","7.31%","7.08%","6.54%","0.00%","0.30"
00588,"Dark Purple Column","","","0.99","29.53","14.19","-6.14","9.66%","4.47%","7.76%","0.09%","0.20"
00589,"Grey Window Mullion","","","1.01","75.45","-0.47","-0.71","46.18%","47.16%","47.65%","3.74%","0.10"
00590,"White Painted Concrete Wall","","","0.99","95.58","-0.90","2.19","89.11%","89.33%","84.95%","1.07%","0.20"
00591,"Dark Felt Acoustic Wall Covering","","","0.90","32.83","3.04","2.84","8.79%","7.02%","6.48%","0.15%","0.30"
00592,"Grey Aluminum Table Legs","","","1.02","63.84","-0.61","-0.92","28.05%","28.76%","28.95%","5.52%","0.05"
00593,"White Painted Column","","","0.99","95.42","-0.92","2.36","88.84%","88.96%","84.23%","1.13%","0.20"
00594,"Light Shelf Bottom Surface","","","1.01","77.39","-0.68","-0.31","48.51%","49.63%","49.58%","5.52%","0.05"
00595,"Light Shelf Top Surface","","","1.00","77.55","-0.60","0.15","49.29%","50.07%","49.51%","5.15%","0.05"
00596,"White Acoustic Ceiling Panels","","","0.99","94.78","-0.22","1.22","87.52%","87.17%","84.71%","0.79%","0.30"
00597,"Grey Aluminum Desk Divider Frame","","","1.01","75.73","-0.57","-0.68","46.02%","47.14%","47.59%","4.68%","0.05"
00598,"Grey Carpet","","","0.91","23.94","1.47","2.80","4.61%","4.00%","3.50%","0.00%","0.30"
00599,"White Painted Wall","","","0.99","97.20","-0.54","1.66","93.29%","93.09%","89.80%","1.25%","0.20"
00600,"Grey Painted Wall","","","0.90","42.85","1.14","4.89","14.25%","13.00%","10.84%","0.04%","0.20"
00601,"Grey Mullion","","","0.96","54.02","0.29","2.59","20.72%","19.88%","18.16%","2.64%","0.10"
00602,"White Laminate Desktop","","","1.02","93.30","0.24","-0.66","83.75%","82.63%","84.14%","2.91%","0.10"
00603,"Metal Filing Cabinet","","","0.93","76.32","1.14","5.38","52.14%","48.66%","42.59%","3.28%","0.10"
00604,"Opaque Roller Shade","","","1.03","71.83","-2.01","0.49","42.10%","43.53%","42.55%","0.28%","0.20"
00605,"Grey Carpet","","","0.92","37.60","0.10","4.35","10.48%","9.89%","8.24%","0.03%","0.30"
00606,"Faux Wood Table","","","0.95","79.07","0.22","6.10","57.21%","53.78%","46.78%","2.58%","0.10"
00607,"White Wall","","","0.99","94.69","-0.69","2.28","87.40%","87.08%","82.74%","1.10%","0.20"
00608,"White Door","","","0.98","93.27","-1.64","4.10","82.98%","83.74%","75.83%","4.54%","0.20"
00609,"Black Chair","","","1.05","15.51","0.58","-1.87","2.01%","1.95%","2.22%","0.01%","0.20"
00610,"Exterior Wood Wall","","","0.96","45.08","1.19","2.09","15.19%","14.03%","13.16%","0.48%","0.20"
00611,"Orange Couch","","","0.40","54.85","32.92","38.06","53.97%","13.64%","3.59%","1.76%","0.30"
00612,"Light Beige Carpet","","","0.78","44.14","2.86","12.38","17.21%","13.69%","8.72%","0.04%","0.30"
00613,"Faux Wood Shelves","","","0.80","78.01","2.31","20.38","62.61%","51.71%","30.78%","2.91%","0.10"
00614,"White Painted Wall","","","0.91","91.26","-0.02","8.80","83.32%","79.64%","66.00%","0.84%","0.20"
00615,"Blue Cubicle Fabric","","","1.42","49.95","-8.22","-15.19","10.74%","19.00%","27.88%","0.09%","0.30"
00616,"Grey Cubicle Fabric","","","1.03","48.37","-0.73","-1.31","15.56%","16.33%","16.83%","1.03%","0.30"
00617,"Green Cubicle Fabric","","","0.81","72.36","-16.29","36.70","40.28%","49.21%","15.24%","0.48%","0.30"
00618,"White Mullions","","","0.98","91.07","-0.80","3.13","78.34%","78.20%","72.41%","4.55%","0.10"
00619,"Grey Door","","","0.99","72.72","-0.42","1.00","43.68%","43.83%","42.41%","1.93%","0.20"
00620,"Faux Wood Desktop","","","0.79","79.27","2.30","21.43","65.54%","54.03%","31.64%","2.77%","0.10"
00621,"Light Shelf Top Material","","","0.93","88.21","-1.01","8.16","46.66%","46.84%","45.84%","49.44%","0.05"
00622,"Light Shelf Bottom Material","","","0.98","92.56","-0.95","2.70","81.38%","81.81%","76.53%","4.21%","0.05"
00623,"White Mullions 2","","","0.99","92.30","-1.03","2.16","80.38%","81.18%","76.65%","4.24%","0.10"
00624,"Specular Reflective Ceiling Panels","","","0.97","90.67","-1.39","4.80","77.08%","76.73%","68.19%","7.41%","0.05"
00625,"UFAD Duct Cover","","","1.01","26.08","0.01","-0.40","1.92%","2.02%","2.13%","2.83%","0.10"
00626,"White Marker Board","","","1.02","92.76","0.83","-2.77","81.15%","80.25%","85.54%","7.39%","0.01"
00627,"Light Beige Carpet 2","","","0.76","44.86","3.17","13.88","18.22%","14.24%","8.60%","0.00%","0.30"
00628,"Grey Filing Cabinet","","","0.97","71.61","-1.77","3.50","41.15%","42.45%","38.05%","2.37%","0.10"
00629,"Dark Faux Wood Cabinets","","","0.68","69.98","12.78","28.68","62.05%","35.41%","16.68%","2.28%","0.20"
00630,"Light Gravel Sidewalk","","","0.92","57.68","0.90","5.14","27.45%","25.43%","21.93%","0.19%","0.30"
00631,"Wood Plank Walkway","","","0.89","37.82","3.06","4.03","11.62%","9.58%","8.41%","0.11%","0.30"
00632,"Dark Gravel Sidewalk","","","0.93","43.60","0.09","4.07","14.24%","13.61%","11.67%","0.04%","0.30"
00633,"Grass","","","0.68","39.70","-6.17","18.33","10.33%","12.51%","4.82%","0.02%","0.20"
00634,"Frame Material For Exterior Louvers And Lightshelves","","","0.98","92.87","-0.66","2.69","83.12%","82.74%","78.26%","1.65%","0.10"
00635,"Thin Film PV on White Exterior Louver","","","1.30","28.89","-0.85","-10.59","3.37%","4.55%","7.42%","1.23%","0.10"
00636,"Curved Exterior Louvers","","","0.99","78.52","-1.32","1.54","52.99%","54.44%","51.78%","0.56%","0.20"
00637,"Dirty Exterior Concrete","","","0.74","59.11","3.69","18.84","34.08%","26.74%","15.07%","0.20%","0.20"
00638,"Red Painted Mullions Exterior","","","0.45","36.84","36.91","19.75","27.69%","1.91%","2.40%","1.87%","0.10"
00639,"Tree Trunk","","","0.73","34.52","2.88","12.50","10.40%","8.06%","4.59%","0.11%","0.30"
00640,"Grass","","","0.67","32.93","-3.40","16.80","7.67%","8.18%","3.12%","0.08%","0.20"
00641,"Tree Foliage","","","0.68","38.94","-8.35","17.18","8.63%","12.21%","4.59%","0.22%","0.20"
00642,"Grey Exterior Facade Panels","","","1.00","73.68","-0.29","0.66","44.26%","44.50%","43.64%","3.33%","0.10"
00643,"Road Asphalt","","","0.92","37.91","0.76","4.07","10.86%","9.98%","8.50%","0.04%","0.30"
00644,"Elevated Concrete Walkway","","","0.93","35.37","0.20","3.38","9.15%","8.69%","7.50%","0.03%","0.30"
00645,"Grey Handrail","","","0.95","66.46","0.29","3.86","36.24%","34.89%","31.41%","1.73%","0.20"
00646,"Specular Handrail","","","0.95","77.32","0.74","4.71","41.75%","40.13%","36.58%","20.28%","0.10"
00647,"Red Paint Exterior","","","0.41","51.95","46.68","24.89","58.10%","6.32%","6.09%","2.82%","0.10"
00648,"Exterior White Wall","","","0.96","91.76","-0.12","4.38","82.46%","80.22%","73.23%","0.97%","0.20"
00649,"White Painted Wall","","","0.98","94.21","-0.86","3.06","86.39%","86.13%","80.44%","1.06%","0.20"
00650,"Brown And Black Carpet","","","0.84","24.43","2.57","4.78","5.15%","4.10%","3.27%","0.00%","0.30"
00651,"Beige Cubicle Partition Fabric","","","0.95","81.06","-0.71","9.24","62.60%","58.01%","47.40%","0.97%","0.30"
00652,"White Shelf","","","0.99","94.03","-0.67","1.95","85.36%","85.35%","81.55%","2.28%","0.10"
00653,"Desk Background Laminate Wood","","","0.84","72.79","3.15","15.40","53.62%","43.58%","30.20%","0.73%","0.20"
00654,"Desk Background Yellow Fabric","","","0.48","63.97","9.82","56.15","52.31%","30.99%","2.30%","0.48%","0.20"
00655,"Laminate Desktop","","","0.79","73.83","4.14","18.55","57.07%","45.40%","28.96%","0.51%","0.20"
00656,"Grey Specular Mullion","","","0.90","58.68","0.66","6.82","25.67%","23.54%","18.40%","4.26%","0.05"
00657,"White Table Top","","","1.01","92.12","-0.93","-0.05","79.23%","80.75%","80.37%","2.76%","0.10"
00658,"Brushed Metal Table Leg","","","0.93","77.15","0.78","6.67","38.25%","36.91%","32.83%","24.24%","0.05"
00659,"Dropped Ceiling Panel","","","1.00","94.08","-0.50","0.83","85.32%","85.50%","83.66%","0.87%","0.30"
00660,"Opaque Roller Shade","","","0.92","79.28","-0.01","7.25","58.20%","55.58%","46.70%","0.59%","0.20"
00661,"Cubicle Partition Fabric","","","0.82","70.69","6.71","18.02","55.41%","39.08%","26.19%","0.39%","0.30"
00662,"Cubicle Partition Laminated Wood","","","0.84","74.39","2.65","15.65","55.94%","46.19%","31.87%","0.80%","0.20"
00663,"Grey Couch","","","0.91","52.60","-0.24","5.78","21.72%","20.79%","17.16%","0.12%","0.30"
00664,"Dark Brown Cupboard","","","1.00","34.50","0.53","-0.39","8.05%","7.88%","8.01%","0.35%","0.20"
00665,"Dark Brown Wall","","","0.98","33.00","0.67","0.26","7.56%","7.28%","7.21%","0.22%","0.20"
00666,"Grey Fabric Pin Board","","","1.01","61.19","-0.23","-0.65","28.75%","29.13%","29.42%","0.54%","0.20"
00667,"Black Painted Mullion","","","1.01","25.47","0.08","-0.54","3.27%","3.32%","3.45%","1.29%","0.10"
00668,"Dark Brown Cubicle Partition Cladding","","","0.99","33.23","0.61","-0.13","7.48%","7.27%","7.32%","0.35%","0.30"
00669,"Grey Stone Exterior Floor","","","0.95","57.23","-0.29","3.90","25.79%","25.18%","22.26%","0.21%","0.30"
00670,"Grey Painted Metal Column","","","0.88","38.32","1.89","5.02","11.49%","10.06%","8.30%","0.12%","0.20"
00671,"Outside Wooden Bench","","","0.81","38.88","4.86","8.11","13.51%","9.90%","7.49%","0.19%","0.20"
00672,"Exterior Grey Mullion","","","0.91","55.81","0.60","6.52","24.06%","22.18%","17.89%","2.06%","0.10"
00673,"Grey Stone Exterior Floor Tile","","","0.95","53.26","-0.34","3.38","21.69%","21.30%","19.00%","0.19%","0.30"
00674,"Terazzo Tile","","","0.94","81.61","0.52","5.96","61.97%","58.70%","51.30%","2.37%","0.10"
00675,"White Wall Plaster","","","0.90","92.24","0.19","10.24","86.89%","81.95%","66.30%","0.00%","0.20"
00676,"Off White Door","","","0.86","90.13","1.63","14.71","85.93%","75.94%","55.42%","3.02%","0.20"
00677,"Aluminum Window Mullion","","","1.00","77.01","-0.68","0.66","49.47%","50.36%","49.42%","2.97%","0.10"
00678,"White Painted Ceiling","","","0.98","95.64","-0.55","2.79","90.15%","89.57%","84.59%","0.00%","0.20"
00679,"Ceramic Grey Tile","","","1.00","41.62","-0.18","0.65","12.23%","12.13%","11.87%","0.14%","0.20"
00680,"Glossy White Tile","","","0.99","94.36","-0.40","1.71","85.96%","85.83%","82.48%","4.04%","0.05"
00681,"Laminate Brown Table","","","0.83","48.50","3.96","8.66","20.40%","16.06%","12.16%","0.76%","0.20"
00682,"Lamintate Dark Brown Countertop","","","1.00","39.87","0.61","0.08","10.65%","10.30%","10.34%","0.88%","0.20"
00683,"Parquet Floor","","","0.55","44.87","14.47","24.62","24.17%","10.69%","3.41%","1.89%","0.20"
00684,"Light Grey Floor Tile","","","0.97","78.39","-0.62","2.71","53.19%","53.29%","49.72%","2.16%","0.10"
00685,"White Plaster Wall","","","0.98","95.84","-0.57","3.38","90.94%","90.02%","84.05%","0.13%","0.20"
00686,"Door","","","0.92","33.52","2.92","2.26","8.33%","6.91%","6.49%","0.66%","0.20"
00687,"Red Painted Wall","","","0.37","45.63","45.94","27.84","46.21%","1.56%","0.91%","3.96%","0.20"
00688,"White TV Console","","","1.01","91.14","-0.61","0.07","77.13%","77.53%","77.14%","5.65%","0.10"
00689,"White Aluminum Mullion","","","1.09","87.50","-2.54","-4.77","64.48%","70.01%","76.37%","4.31%","0.10"
00690,"Dining Table","","","0.93","30.16","1.20","1.79","1.34%","1.14%","0.84%","5.25%","0.10"
00691,"White Leather Chair","","","0.96","84.53","0.31","4.66","67.88%","64.74%","58.64%","0.77%","0.20"
00692,"Brown Floor Tile","","","0.87","50.75","3.40","6.79","21.62%","17.68%","14.43%","1.10%","0.20"
00693,"PVC Toilet Door","","","1.12","66.17","-2.24","-6.71","31.08%","35.40%","41.46%","0.56%","0.20"
00694,"White Painted Door","","","0.93","91.51","-0.35","8.47","83.41%","79.50%","66.34%","2.98%","0.20"
00695,"White Dressing Table","","","0.96","92.70","-0.55","4.57","83.97%","82.31%","74.70%","2.08%","0.20"
00696,"Black Leather Bed Headboard","","","1.02","24.66","-0.06","-0.71","3.90%","3.98%","4.13%","0.34%","0.20"
00697,"Grey Wall Tile","","","0.90","80.27","0.74","9.32","61.06%","55.93%","44.68%","3.00%","0.10"
00698,"Grey Floor Tile","","","0.96","58.08","0.66","2.15","26.60%","25.41%","23.93%","0.74%","0.20"
00699,"PVC White Toilet Door","","","1.08","95.10","1.14","-8.27","84.15%","85.80%","102.56%","4.87%","0.10"
00700,"Red Laminate Cabinet Door","","","0.36","46.18","46.77","28.24","49.35%","5.02%","4.42%","0.63%","0.20"
00701,"Black Countertop","","","1.00","24.23","0.14","-0.17","1.55%","1.54%","1.54%","2.67%","0.10"
00702,"White Laminate Cabinet Door","","","1.00","92.75","-1.39","1.67","81.28%","82.58%","79.40%","1.86%","0.10"
00703,"Grey Ceramic Tile Floor","","","0.94","78.10","0.60","5.79","55.45%","52.30%","45.64%","2.36%","0.10"
00704,"Beige Plaster Wall","","","0.86","82.86","1.38","12.25","68.79%","62.01%","47.10%","0.31%","0.20"
00705,"White Ceramic Tile Wall","","","0.99","92.05","-0.44","1.21","80.09%","80.19%","77.71%","4.35%","0.10"
00706,"Beige Door","","","0.82","76.63","4.35","13.78","60.28%","49.91%","36.45%","0.72%","0.20"
00707,"Wooden Table and Chair","","","0.56","34.91","17.76","16.43","15.14%","4.27%","1.88%","2.24%","0.20"
00708,"Black TV Console","","","1.01","24.66","0.09","-0.23","2.79%","2.91%","3.11%","1.46%","0.20"
00709,"Wooden Cabinet","","","0.62","32.71","14.43","12.79","11.22%","3.08%","1.26%","2.89%","0.20"
00710,"Light Brown Cabinet","","","0.53","47.55","16.57","26.68","28.09%","11.41%","2.99%","2.74%","0.20"
00711,"White Door","","","0.91","86.48","-0.20","8.76","72.10%","69.12%","56.76%","1.87%","0.20"
00712,"White Plaster Wall","","","0.95","91.74","-0.43","5.47","82.39%","80.59%","71.73%","0.57%","0.20"
00713,"Wooden Wardrobe","","","0.53","51.84","15.31","30.86","34.65%","16.46%","5.07%","1.07%","0.20"
00714,"Wooden Drawers","","","0.61","67.85","11.65","33.44","58.21%","34.98%","13.71%","0.15%","0.20"
00715,"Pink Painted Wall","","","0.89","86.77","3.37","8.67","78.33%","68.50%","57.94%","0.33%","0.20"
00716,"White Bookshelf","","","0.95","91.28","-0.61","6.33","81.79%","79.41%","69.52%","0.86%","0.20"
00717,"Yellow Plaster Wall","","","0.90","95.60","-1.02","10.45","92.97%","90.64%","72.64%","0.04%","0.20"
00718,"Dark Green Ceramic Tile Wall","","","0.89","37.24","-6.70","9.16","6.31%","8.53%","4.38%","2.25%","0.20"
00719,"Steel Grey Cabinet","","","1.02","40.30","0.64","-1.24","10.51%","10.36%","10.91%","1.10%","0.20"
00720,"Dark Brown Cabinet","","","0.64","35.80","9.86","15.60","12.54%","6.00%","2.50%","2.03%","0.20"
00721,"Beige Ceramic Tile Floor","","","0.82","64.13","3.67","13.20","39.27%","31.71%","22.26%","0.96%","0.20"
00722,"Plain White Ceramic Tile Wall","","","0.98","95.38","-0.10","2.50","89.43%","88.29%","83.74%","3.81%","0.20"
00723,"White Plastic Toilet Door","","","1.14","82.21","-4.19","-8.03","50.80%","60.27%","70.41%","2.90%","0.20"
00724,"Stone Countertop","","","0.91","32.32","1.56","3.35","5.32%","4.30%","3.29%","2.94%","0.20"
00725,"Brown Tile Counter","","","0.86","56.68","4.10","8.33","28.35%","22.61%","17.95%","1.63%","0.20"
00726,"Brown Cabinet Door","","","0.59","37.74","12.99","17.86","14.86%","5.66%","1.63%","2.96%","0.20"
00727,"Refrigerator","","","0.91","66.70","0.28","7.11","27.58%","27.02%","23.21%","13.28%","0.10"
00728,"Black Window Mullion","","","1.01","25.99","-0.09","-0.29","3.83%","3.89%","3.94%","0.89%","0.10"
00729,"Grey Window Mullion","","","0.95","72.02","0.16","4.50","41.05%","39.86%","36.04%","6.73%","0.10"
00730,"Ceramic Tile Floor","","","0.99","87.09","-0.04","1.47","70.18%","69.39%","66.76%","2.92%","0.10"
00731,"White Wooden Door","","","0.93","89.35","0.09","7.70","78.93%","75.02%","64.13%","0.80%","0.20"
00732,"White Plaster Wall","","","0.96","91.67","0.00","5.11","82.89%","80.06%","72.22%","0.53%","0.20"
00733,"Red Painted Wall","","","0.34","46.84","50.50","28.84","53.92%","4.74%","5.03%","0.14%","0.20"
00734,"Stone Ceramic Tile Wall","","","0.96","90.88","0.11","4.87","80.39%","77.63%","70.01%","3.64%","0.20"
00735,"Purple Couch","","","0.75","39.17","11.52","11.39","17.57%","9.03%","6.79%","0.07%","0.20"
00736,"Dark Brown Wooden Table","","","0.99","26.06","0.24","0.16","2.91%","2.93%","3.02%","1.90%","0.20"
00737,"Ruby Stone Ceramic Tile Floor","","","0.84","66.48","5.58","10.44","43.40%","33.55%","26.28%","1.64%","0.20"
00738,"Yellow Wooden Cabinet","","","0.63","72.68","7.43","31.59","60.64%","42.43%","16.50%","2.39%","0.20"
00739,"Grey Stone Countertop","","","0.84","52.93","2.02","10.04","22.74%","19.04%","13.30%","2.36%","0.20"
00740,"Refrigerator","","","1.01","77.00","-0.43","0.30","47.32%","47.56%","47.20%","7.65%","0.10"
00741,"Beige Plastic Toilet Door","","","0.88","91.02","-0.25","13.60","85.24%","79.10%","59.37%","0.97%","0.20"
00742,"Black Window Frame","","","0.78","31.69","4.20","8.76","7.41%","5.34%","3.63%","1.47%","0.10"
00743,"Grey Painted Wall","","","1.04","42.98","-1.81","-1.27","12.08%","13.42%","13.70%","0.00%","0.20"
00744,"Wardrobe","","","0.78","75.91","6.72","17.70","62.71%","45.49%","29.12%","4.33%","0.20"
00745,"White Clothes Cabinet","","","0.96","92.25","-1.14","5.18","82.16%","81.60%","72.81%","2.36%","0.20"
00746,"Green Painted Wall","","","0.71","82.51","-13.92","37.70","56.53%","69.54%","22.98%","0.05%","0.20"
00747,"Beige Wooden Door","","","0.90","90.80","0.42","10.52","83.91%","77.81%","62.57%","2.40%","0.20"
00748,"White Table","","","0.95","93.88","-1.18","6.92","86.89%","85.55%","73.75%","2.55%","0.20"
00749,"White Exterior Wall","","","0.98","86.77","-0.61","3.00","70.51%","69.65%","65.29%","0.27%","0.20"
00750,"Purple Metal Shade","","","0.99","44.48","6.50","-0.53","17.42%","12.50%","14.16%","0.43%","0.20"
00751,"White Ceramic Tile Floor","","","0.98","85.33","-0.50","1.94","65.92%","65.89%","63.10%","3.13%","0.10"
00752,"White Plaster Wall","","","0.92","88.65","1.12","7.10","78.57%","73.39%","63.45%","0.12%","0.20"
00753,"Grey Sofa Fabric","","","0.99","28.88","-0.37","1.11","6.03%","5.80%","5.54%","0.00%","0.30"
00754,"Yellow Door","","","0.71","75.58","1.33","24.98","57.50%","50.11%","25.11%","1.04%","0.20"
00755,"Beige Floor Tile","","","0.85","79.60","3.98","13.01","65.69%","54.12%","40.69%","1.79%","0.20"
00756,"Light Blue Tile Wall","","","1.03","89.80","-1.03","-2.29","72.09%","75.20%","78.16%","3.93%","0.10"
00757,"Dark Blue Tile Wall","","","1.35","32.00","3.85","-15.84","2.49%","3.14%","9.63%","3.56%","0.10"
00758,"Black Laminate Table","","","0.99","26.02","0.64","-0.14","3.42%","3.27%","3.31%","1.50%","0.20"
00759,"Green Cabinet","","","1.05","80.38","-12.23","2.66","42.07%","60.78%","52.49%","3.34%","0.20"
00760,"Blue Countertop","","","1.14","61.65","-4.18","-5.04","25.51%","29.88%","33.66%","0.71%","0.20"
00761,"Red Countertop","","","0.75","50.53","11.66","11.36","27.64%","15.97%","12.23%","0.93%","0.20"
00762,"Dark Brown Cabinet","","","0.96","26.81","1.17","0.95","3.70%","3.29%","3.15%","1.72%","0.20"
00763,"Beige Painted Wall","","","0.89","85.57","1.87","9.67","73.86%","67.03%","54.55%","0.21%","0.20"
00764,"Green Painted Wall","","","0.69","88.29","-9.61","38.85","73.83%","80.19%","28.22%","0.11%","0.20"
00765,"White Laminate Cabinet","","","0.95","93.03","-0.81","5.98","84.97%","83.31%","73.12%","2.51%","0.20"
00766,"Wooden Bed Frame","","","0.58","62.06","11.75","33.11","47.99%","27.89%","10.02%","0.29%","0.20"
00767,"White Laminate Cabinet 2","","","0.96","93.08","-0.90","5.60","84.77%","83.30%","73.67%","2.94%","0.20"
00768,"Window Mullion","","","0.76","28.58","4.49","8.44","6.55%","4.67%","3.27%","0.83%","0.20"
00769,"Exterior Concrete Floor","","","0.98","53.98","0.00","1.50","21.77%","21.52%","20.48%","0.63%","0.20"
00770,"Exterior Concrete Wall","","","0.97","86.52","-0.31","2.96","71.99%","71.21%","66.26%","0.00%","0.20"
00771,"Exterior Concrete Floor 2","","","0.92","57.26","0.61","5.28","26.97%","25.30%","21.61%","0.00%","0.20"
00772,"Wood Parquet Floor","","","0.74","32.80","6.87","9.23","9.50%","5.67%","3.70%","1.25%","0.20"
00773,"White Wall Plaster","","","0.99","95.80","-1.20","1.76","88.97%","90.31%","86.71%","0.00%","0.20"
00774,"Faux Wood Laminate","","","0.94","58.49","2.28","5.79","30.18%","25.80%","22.61%","0.00%","0.20"
00775,"Grey Mullions","","","1.00","77.39","-0.48","0.50","47.69%","48.45%","47.81%","7.68%","0.10"
00776,"Ceramic Tile Floor","","","0.86","68.29","2.13","10.71","43.41%","37.62%","28.63%","0.78%","0.20"
00777,"White Ceramic Sink","","","0.99","95.34","-0.77","1.66","88.07%","88.69%","85.47%","1.51%","0.10"
00778,"Exterior Wooden Balcony Floor","","","0.68","60.14","8.38","22.89","39.07%","24.93%","11.89%","2.33%","0.20"
00779,"White Exterior Wall Plaster","","","0.98","94.49","-1.01","3.26","86.92%","87.06%","81.24%","0.00%","0.20"
00780,"White Ceramic Tile Floor","","","0.89","75.45","1.42","9.75","52.47%","46.68%","36.43%","4.07%","0.10"
00781,"Grey Metallic Cabinet Door","","","0.93","65.04","0.74","4.74","31.58%","29.96%","26.55%","6.03%","0.05"
00782,"White Plaster Wall","","","0.97","94.44","-0.42","3.87","88.06%","86.64%","80.03%","0.28%","0.20"
00783,"Window Mullion","","","1.10","88.44","-2.97","-5.35","65.55%","72.23%","79.41%","4.15%","0.10"
00784,"Laminate Door","","","0.76","35.80","5.88","10.57","10.38%","6.07%","3.42%","2.34%","0.20"
00785,"Grey Plaster Wall","","","0.95","53.55","0.53","2.81","22.53%","21.61%","19.81%","0.00%","0.20"
00786,"Kitchen Drawer","","","1.02","29.62","0.05","-0.95","0.05%","0.08%","0.03%","6.00%","0.20"
00787,"White Desk","","","0.97","93.47","-0.94","3.61","84.49%","84.48%","78.14%","1.43%","0.20"
00788,"Beige Floor","","","0.88","75.23","1.78","10.58","54.60%","48.32%","37.83%","0.22%","0.20"
00789,"White Ceramic Wall","","","0.95","90.44","0.23","5.27","78.83%","75.08%","66.80%","9.00%","0.20"
00790,"Glossy Black Countertop","","","1.01","24.84","0.09","-0.40","2.14%","2.21%","2.34%","2.20%","0.05"
00791,"Couch","","","1.02","25.44","-0.08","-0.65","3.82%","3.92%","4.06%","0.67%","0.30"
00792,"Black Door","","","1.00","24.13","0.02","-0.11","0.30%","0.40%","0.48%","3.77%","0.20"
00793,"White Ceramic Tile Floor","","","0.94","85.98","0.20","6.70","70.44%","66.82%","57.67%","3.95%","0.10"
00794,"Yellow Plaster Wall","","","0.71","86.32","5.28","26.25","85.91%","68.57%","37.60%","0.13%","0.20"
00795,"Black Sofa","","","0.97","28.05","1.41","0.70","4.67%","4.16%","4.09%","1.26%","0.30"
00796,"Window Mullion","","","0.98","27.00","0.70","0.33","2.43%","2.23%","2.17%","2.89%","0.10"
00797,"Brown Leather Cupboard","","","0.92","45.72","3.11","3.13","16.21%","13.78%","12.71%","1.03%","0.20"
00798,"Dark Brown Wooden Table","","","0.97","25.91","0.88","0.80","3.98%","3.69%","3.59%","1.02%","0.20"
00799,"White Glossy Shelf","","","1.00","93.54","-1.26","1.43","82.21%","83.75%","80.56%","6.23%","0.05"
00800,"Brown Cabinet","","","0.73","48.86","8.23","14.13","24.57%","16.18%","10.54%","0.14%","0.20"
00801,"Door","","","0.52","52.25","22.05","26.73","39.49%","15.05%","6.68%","1.14%","0.20"
00802,"Beige Ceramic Tile Kitchen Floor","","","0.97","89.60","-0.05","3.00","76.75%","75.43%","70.83%","0.95%","0.20"
00803,"Beige Ceramic Tile Wall","","","0.99","93.92","-0.10","1.77","85.38%","84.59%","81.36%","4.21%","0.10"
00804,"Dark Counter Top","","","0.98","27.10","0.41","0.82","2.25%","2.17%","2.09%","3.03%","0.20"
00805,"Brown Cabinet Door","","","0.57","42.76","19.99","19.85","25.04%","8.90%","4.84%","1.13%","0.20"
00806,"Refrigerator","","","0.95","61.04","-0.89","4.18","13.38%","13.09%","11.92%","18.85%","0.10"
00807,"White Cabinet","","","1.03","91.70","-0.39","-1.62","77.64%","78.31%","80.99%","6.71%","0.20"
00808,"Black Ceramic Wall Tile","","","0.99","24.47","0.10","0.22","0.32%","0.34%","0.29%","3.93%","0.10"
00809,"Dark Brown Door","","","0.60","45.47","16.39","18.51","25.65%","11.24%","6.14%","1.24%","0.20"
00810,"Laminate Floor","","","0.73","54.50","7.35","16.76","30.32%","20.57%","12.29%","0.87%","0.20"
00811,"White Plaster Wall","","","0.86","80.99","2.46","11.41","65.89%","58.26%","45.18%","0.15%","0.20"
00812,"Plum Bed","","","0.74","32.44","15.27","6.26","13.08%","5.30%","5.30%","0.27%","0.30"
00813,"Wardrobe Door","","","0.78","38.27","13.74","5.29","15.33%","7.08%","7.10%","1.50%","0.20"
00814,"Brown Parquet Floor","","","0.53","47.19","15.32","27.86","26.95%","11.37%","2.54%","2.80%","0.20"
00815,"White Painted Wall","","","0.90","92.77","-1.05","11.69","87.22%","83.58%","65.27%","0.48%","0.20"
00816,"Black Leather Sofa","","","1.02","25.30","-0.08","-0.50","3.37%","3.45%","3.55%","1.11%","0.20"
00817,"Brown Laminate TV Console","","","0.87","30.01","5.12","4.11","6.36%","3.94%","3.48%","1.90%","0.20"
00818,"Light Brown Cabinet","","","0.86","78.32","1.44","12.92","60.01%","53.19%","39.05%","1.38%","0.20"
00819,"Dark Brown Door","","","0.88","28.88","3.96","3.51","3.98%","2.24%","1.66%","3.32%","0.20"
00820,"Brown Bedroom Door","","","0.48","48.17","18.86","30.40","29.84%","10.11%","0.69%","4.15%","0.20"
00821,"Brown Cupboard","","","0.98","27.50","1.36","0.31","3.45%","2.97%","2.96%","2.27%","0.20"
00822,"Brown Bed Headboard","","","1.03","25.52","-0.11","-0.91","3.84%","3.97%","4.18%","0.65%","0.20"
00823,"Laminate Wardrobe","","","0.94","69.00","-1.24","6.30","40.05%","39.53%","33.19%","0.59%","0.20"
00824,"PVC Toilet Door","","","1.14","95.30","2.89","-14.88","82.74%","85.59%","115.73%","2.15%","0.20"
00825,"Dresser","","","0.93","88.57","-0.40","8.27","76.30%","72.98%","60.82%","3.02%","0.10"
00826,"Beige Floor Tile","","","0.88","82.39","1.89","10.28","67.45%","60.27%","48.01%","1.40%","0.20"
00827,"White Wall Tile","","","0.98","95.66","-0.01","2.40","90.25%","88.85%","84.33%","4.54%","0.10"
00828,"Countertop","","","0.89","86.40","0.12","12.42","74.60%","68.65%","52.11%","1.92%","0.20"
00829,"Light Brown Laminate Cabinet","","","0.92","82.97","0.71","9.56","67.50%","61.37%","49.91%","1.37%","0.20"
00830,"Brown Laminate Cabinet","","","0.73","68.47","8.96","25.42","58.93%","38.27%","20.18%","0.00%","0.20"
00831,"Sink","","","0.78","72.76","5.12","18.27","56.10%","43.31%","27.69%","0.79%","0.20"
00832,"Green Toilet Door","","","1.07","50.02","-13.49","5.05","9.05%","17.66%","12.45%","3.67%","0.10"
00833,"Specular Window Mullion","","","1.00","89.03","-0.37","0.83","66.74%","68.21%","68.04%","20.03%","0.05"
00834,"Dining Table Sheet","","","0.86","62.94","7.31","7.53","39.42%","29.03%","25.01%","0.94%","0.20"
00835,"Grey Ceramic Tile Floor","","","0.97","85.12","-0.09","3.08","66.77%","65.42%","60.56%","2.96%","0.10"
00836,"White Plaster Wall","","","0.92","92.59","0.85","7.41","87.32%","82.13%","70.87%","0.24%","0.20"
00837,"Dark Brown Wooden Shelf","","","0.93","26.24","3.43","1.54","3.23%","1.91%","1.83%","2.70%","0.20"
00838,"Wooden Door","","","0.48","40.23","19.98","23.72","21.96%","6.98%","2.21%","1.89%","0.20"
00839,"Aluminium Brown Window Mullion","","","0.75","32.70","4.97","10.09","7.41%","5.00%","3.03%","2.27%","0.10"
00840,"Dark Brown Leather Couch","","","0.97","26.38","1.43","0.42","4.74%","4.28%","4.28%","0.52%","0.20"
00841,"Black Leather Couch","","","1.01","25.16","0.13","-0.48","4.11%","4.13%","4.25%","0.35%","0.20"
00842,"Beige Door","","","0.79","87.23","1.66","19.97","80.92%","70.73%","44.74%","2.03%","0.20"
00843,"White Ceramic Tile Floor","","","0.93","83.96","1.09","6.48","67.96%","63.34%","55.22%","1.50%","0.20"
00844,"Light Blue Ceramic Tile Floor","","","1.02","90.74","-1.37","-0.66","74.77%","77.76%","78.07%","3.23%","0.10"
00845,"Blue Plastic Toilet Door","","","1.31","38.08","-10.53","-6.80","1.53%","7.44%","9.41%","3.94%","0.10"
00846,"Blue Ceramic Tile Counter","","","1.15","60.34","-5.00","-4.88","21.97%","27.05%","30.36%","2.76%","0.10"
00847,"Black Ceramic Tile Counter","","","0.89","37.62","0.95","5.74","9.27%","8.10%","6.05%","1.90%","0.10"
00848,"White Table","","","0.96","92.79","-1.15","5.59","83.71%","82.94%","73.49%","1.99%","0.20"
00849,"Refrigerator","","","0.98","72.04","-0.54","2.38","36.36%","36.81%","34.40%","11.51%","0.10"
00850,"Black Wooden Wardrobe","","","0.98","27.70","1.36","0.39","4.02%","3.49%","3.40%","1.81%","0.20"
00851,"Blue Childrens Cabinet","","","1.86","36.21","-7.85","-21.46","2.52%","8.33%","18.05%","0.89%","0.20"
00852,"Red Childrens Cabinet","","","0.48","38.81","40.32","16.75","32.56%","2.16%","3.99%","1.47%","0.20"
00853,"Yellow Childrens Cabinet","","","0.30","69.12","19.24","65.16","70.25%","35.41%","0.00%","1.81%","0.20"
00854,"White Childrens Cabinet","","","0.95","88.15","-0.63","6.48","74.52%","72.33%","62.73%","2.04%","0.20"
00855,"Blue Door","","","1.03","83.91","-6.23","3.46","57.85%","65.51%","59.01%","1.44%","0.20"
00856,"White Ceramic Tile Floor","","","0.92","85.35","0.56","7.62","69.96%","65.33%","54.90%","4.23%","0.20"
00857,"White Wall","","","0.99","96.77","-0.77","2.28","92.11%","92.30%","87.97%","0.64%","0.20"
00858,"Wooden Door","","","0.64","45.53","12.26","16.88","20.82%","9.87%","4.15%","3.77%","0.20"
00859,"Translucent Plastic Reflection","","","1.16","80.77","-4.73","-8.77","46.19%","56.65%","67.35%","5.16%","0.05"
00860,"Wooden Builtin Cabinet","","","0.87","78.98","2.63","12.19","63.09%","54.11%","41.48%","0.33%","0.20"
00861,"Light Grey Interior Metal Partition","","","1.08","89.37","-1.63","-4.69","69.54%","73.66%","80.45%","4.69%","0.10"
00862,"Dark Brown Window Mullion","","","0.78","34.27","5.28","8.15","8.49%","5.94%","4.43%","2.00%","0.10"
00863,"Laminate TV Shelf","","","0.90","87.88","0.14","9.61","75.18%","70.47%","55.97%","6.42%","0.10"
00864,"Dark Brown Cabinet","","","0.86","47.71","5.11","6.95","20.49%","15.31%","12.72%","0.46%","0.20"
00865,"Wooden Door","","","0.65","38.49","13.64","14.13","16.09%","6.67%","3.62%","2.17%","0.10"
00866,"Light Grey Ceramic Tile Floor","","","0.92","81.73","0.63","7.95","63.86%","59.41%","49.82%","1.06%","0.20"
00867,"Cabinet","","","0.88","81.20","3.89","9.69","65.98%","54.51%","43.32%","6.80%","0.20"
00868,"Laminate Countertop","","","0.96","80.98","-1.53","4.60","57.59%","58.28%","51.72%","2.43%","0.20"
00869,"Light Grey Window Frame","","","1.00","87.89","-0.49","0.54","70.48%","71.20%","70.12%","3.12%","0.10"
00870,"Purple Plastic Toilet Door","","","1.34","68.21","16.37","-26.58","42.15%","27.17%","65.32%","5.36%","0.10"
00871,"Refrigerator","","","0.97","72.97","-0.76","3.18","29.81%","30.01%","27.29%","22.07%","0.10"
00872,"Brown Ceramic Tile Wall","","","0.96","82.83","-0.39","4.08","61.97%","60.57%","54.85%","3.96%","0.10"
00873,"Grey Ceramic Tile Wall","","","0.99","89.67","-0.85","2.13","74.60%","75.05%","71.18%","4.02%","0.10"
00874,"Light Brown Glossy Wardrobe","","","0.90","85.18","1.61","8.96","72.73%","65.99%","54.77%","0.39%","0.05"
00875,"Dark Brown Glossy Wardrobe","","","0.76","47.86","7.73","11.51","18.24%","10.28%","5.47%","5.88%","0.05"
00876,"Brown Recliner","","","0.95","28.85","1.32","1.52","6.07%","5.49%","5.18%","0.21%","0.20"
00877,"Dining Table","","","0.96","89.16","-0.55","4.47","75.95%","74.54%","67.65%","1.39%","0.20"
00878,"White Ceramic Table","","","0.96","88.56","-0.37","4.21","74.44%","73.03%","66.55%","2.14%","0.20"
00879,"Exterior Concrete Floor","","","0.98","62.65","0.00","1.67","31.48%","31.14%","29.62%","0.18%","0.30"
00880,"Exterior Concrete Wall","","","0.98","86.56","-0.01","1.98","70.10%","69.24%","66.26%","0.03%","0.30"
00881,"White Ceramic Tile Floor","","","0.92","82.44","0.53","8.23","64.05%","59.40%","48.90%","4.45%","0.20"
00882,"White Plaster Wall","","","0.98","90.27","-1.55","3.34","76.72%","77.65%","71.91%","0.11%","0.20"
00883,"Wooden Door","","","0.52","49.93","19.25","28.03","33.98%","13.58%","4.68%","1.61%","0.20"
00884,"White Wooden Cabinet","","","0.96","93.06","0.08","4.61","85.90%","82.63%","75.09%","3.00%","0.20"
00885,"Darkbrown Drawer","","","1.02","32.40","-0.68","0.24","5.73%","5.92%","5.87%","1.46%","0.20"
00886,"Window Mullion","","","1.00","87.87","-0.57","0.94","67.59%","68.44%","66.85%","11.61%","0.10"
00887,"Glosssy White Drawer","","","1.02","92.33","-1.37","-0.20","78.30%","80.58%","79.98%","6.60%","0.20"
00888,"Wooden Brown Countertop","","","0.87","51.24","1.69","8.53","21.04%","17.98%","13.56%","1.58%","0.20"
00889,"White Cabinet","","","0.97","91.55","-1.15","4.09","80.00%","80.12%","73.08%","1.65%","0.20"
00890,"White Ceramic Tile Floor","","","0.93","84.05","1.16","5.70","67.71%","63.43%","56.24%","1.71%","0.20"
00891,"White Ceramic Tile Wall","","","0.99","94.35","-0.91","2.24","85.86%","86.49%","82.32%","1.14%","0.20"
00892,"Refrigerator","","","0.97","64.33","0.17","2.53","24.33%","23.76%","21.99%","12.51%","0.10"
00893,"Grey Ceramic Tile Floor","","","0.92","59.82","0.57","5.81","29.14%","27.07%","22.85%","1.19%","0.20"
00894,"Black Desktop","","","1.01","24.05","0.15","-0.44","3.95%","3.94%","4.05%","0.17%","0.20"
00895,"White Drawer","","","0.94","93.03","-0.88","6.66","85.41%","83.80%","72.97%","0.33%","0.20"
00896,"Grey Couch","","","1.06","59.81","-0.69","-2.40","27.09%","27.85%","29.73%","0.00%","0.30"
00897,"Door","","","0.54","46.82","18.18","23.46","28.82%","11.88%","5.10%","1.27%","0.20"
00898,"White Plaster Exterior Wall","","","0.98","93.95","-0.62","3.21","88.24%","87.50%","81.54%","0.00%","0.20"
00899,"Ceramic Stone Tile","","","0.84","59.35","4.30","9.91","30.80%","24.09%","17.90%","3.39%","0.20"
00900,"Beige Plaster Wall","","","0.93","94.56","-1.27","8.33","89.47%","87.85%","73.91%","0.00%","0.20"
00901,"Laminate TV Cabinet","","","0.78","57.10","5.39","14.15","32.37%","23.96%","16.13%","0.11%","0.20"
00902,"Natural Stone Tile","","","0.85","72.69","0.96","12.35","49.90%","45.26%","33.13%","0.00%","0.20"
00903,"Ceramic Granite Tile","","","0.99","66.01","-1.77","2.82","34.16%","34.74%","31.93%","1.45%","0.10"
00904,"Ceramic White Tile","","","0.98","86.66","-0.63","2.57","68.70%","68.39%","64.30%","3.97%","0.10"
00905,"Ceramic Grey Tile","","","1.01","78.72","-0.94","0.29","51.68%","52.88%","52.16%","3.99%","0.10"
00906,"White Painted Wooden Cabinet","","","0.94","91.84","-0.69","7.08","82.29%","80.08%","68.12%","5.21%","0.20"
00907,"Ceramic Black Stovetop","","","0.96","27.48","0.69","1.08","3.07%","2.84%","2.65%","2.48%","0.20"
00908,"Blue Plaster Wall","","","1.08","89.82","-7.50","-1.88","65.04%","78.83%","78.78%","0.00%","0.20"
00909,"Wooden Wardrobe","","","0.80","52.59","6.48","11.31","26.21%","18.31%","13.05%","1.50%","0.20"
00910,"Window Mullion","","","0.68","37.47","6.01","15.24","7.02%","4.24%","1.47%","5.69%","0.10"
00911,"Bedroom Door","","","0.45","43.18","20.42","28.78","25.08%","7.82%","1.11%","2.79%","0.20"
00912,"White Ceramic Tile Floor","","","0.97","86.13","0.24","2.76","69.08%","67.19%","62.78%","3.32%","0.20"
00913,"Beige Sofa Fabric","","","0.96","79.51","1.18","3.95","59.12%","55.15%","50.85%","0.44%","0.20"
00914,"White Painted Wall","","","0.98","93.73","0.07","2.48","86.37%","84.64%","80.68%","0.11%","0.20"
00915,"Wooden Shelf","","","0.74","43.42","7.79","12.91","18.88%","11.81%","7.71%","0.61%","0.20"
00916,"White Tile Wall","","","0.99","89.29","-0.82","1.99","73.65%","74.13%","70.51%","4.19%","0.10"
00917,"Beige Painted Door Frame","","","0.78","79.96","3.59","19.03","67.63%","55.86%","35.62%","1.25%","0.20"
00918,"Beige Painted Door","","","0.79","81.90","3.47","18.56","71.25%","59.52%","38.66%","1.22%","0.20"
00919,"Wooden Frame","","","0.63","42.19","9.34","19.47","19.40%","11.13%","5.27%","0.40%","0.20"
00920,"Beige Tile Floor","","","0.82","66.51","3.87","13.42","42.93%","34.56%","24.38%","1.10%","0.20"
00921,"Aluminium Window Mullion","","","0.97","85.69","-0.49","3.43","62.91%","62.73%","58.25%","13.62%","0.10"
00922,"White Tile Wall","","","0.98","94.83","0.11","2.64","88.63%","86.81%","82.11%","3.75%","0.20"
00923,"Wooden Dining Table","","","0.46","45.30","20.26","27.07","26.97%","8.94%","1.66%","3.16%","0.20"
00924,"Brown Countertop","","","0.77","33.06","4.89","8.84","8.13%","5.26%","3.07%","2.05%","0.20"
00925,"Beige Cabinet","","","0.83","83.91","2.69","15.09","73.29%","63.13%","45.06%","1.73%","0.20"
00926,"Beige Toilet Door","","","0.78","78.51","3.12","18.78","64.17%","53.72%","34.10%","0.85%","0.20"
00927,"Wooden Dresser","","","0.52","57.29","15.65","35.78","43.39%","21.26%","5.73%","1.18%","0.20"
00928,"Beige Door","","","0.80","78.44","2.54","16.51","62.93%","54.04%","36.48%","0.09%","0.20"
00929,"Red Brick Exterior Wall","","","0.56","42.50","29.30","15.33","30.61%","7.71%","7.01%","0.12%","0.30"
00930,"White Painted Exterior Wall","","","0.97","87.39","-2.16","4.00","69.74%","72.03%","65.15%","0.12%","0.20"
00931,"Ceramic Tile","","","0.96","88.89","-0.21","4.60","75.65%","73.48%","66.99%","2.45%","0.20"
00932,"White Plaster Wall","","","0.97","94.52","0.11","3.23","88.82%","86.70%","81.54%","0.00%","0.20"
00933,"Beige Plaster Wall 2","","","0.73","91.10","1.73","27.20","93.40%","80.47%","43.61%","0.00%","0.20"
00934,"Wooden Door","","","0.58","63.35","11.66","33.99","49.35%","28.65%","9.25%","1.52%","0.20"
00935,"Laminate Wood Floor","","","0.70","37.19","7.85","12.99","11.93%","6.36%","2.95%","2.64%","0.20"
00936,"Faux Wood Cabinet","","","0.81","77.39","6.11","15.03","63.84%","48.70%","33.97%","3.71%","0.10"
00937,"Stone Decorative Wall","","","0.95","45.61","1.22","2.02","15.85%","14.74%","13.90%","0.11%","0.20"
00938,"Window Mullion","","","1.08","47.53","-1.70","-3.57","12.68%","14.63%","16.35%","2.37%","0.20"
00939,"White Plaster Wall","","","0.94","87.90","-0.22","5.96","74.75%","72.60%","63.86%","0.00%","0.20"
00940,"Artificial Grass Matt","","","0.64","37.10","-5.65","20.10","9.31%","11.07%","3.65%","0.00%","0.20"
00941,"Cabinet","","","0.95","36.69","0.92","2.00","9.65%","8.96%","8.33%","0.36%","0.20"
00942,"Counter Top","","","0.92","93.78","-1.48","11.17","88.85%","85.86%","68.12%","0.54%","0.20"
00943,"Ceramic Grey Tile","","","0.91","68.91","0.54","7.59","41.71%","38.58%","31.67%","1.15%","0.20"
00944,"Ceramic Light Grey Tile","","","0.96","85.62","1.04","3.38","69.92%","66.54%","62.30%","1.24%","0.20"
00945,"Cabinet","","","0.97","80.20","-0.11","2.89","57.84%","56.91%","53.15%","0.75%","0.20"
00946,"Off White Ceramic Floor Tile","","","0.94","85.91","0.28","6.56","70.25%","66.44%","57.26%","4.41%","0.10"
00947,"Wood Laminate TV Shelf","","","0.55","57.58","12.38","33.99","40.87%","22.08%","6.15%","1.51%","0.20"
00948,"White Wall","","","0.98","95.19","-0.70","2.77","88.84%","88.45%","83.42%","0.24%","0.20"
00949,"Gold Cushion Chair","","","0.76","77.93","5.09","20.26","66.68%","52.14%","32.50%","0.07%","0.30"
00950,"Dark Brown Furniture","","","0.88","26.79","7.50","2.27","3.76%","0.62%","0.80%","3.73%","0.20"
00951,"Grey Window Frame","","","0.99","49.59","0.96","0.31","17.64%","16.91%","16.85%","1.23%","0.20"
00952,"White Door","","","0.93","80.90","-0.87","6.47","59.44%","58.52%","49.91%","1.27%","0.20"
00953,"Matte Ceramic Floor Tile","","","0.93","83.94","0.85","6.15","67.57%","63.49%","55.61%","1.20%","0.20"
00954,"White Countertop","","","0.99","93.73","-0.42","2.19","85.14%","84.54%","80.85%","2.11%","0.20"
00955,"White Glossy Laminate Cabinet","","","0.97","91.88","-0.10","3.12","80.99%","79.18%","73.40%","6.87%","0.05"
00956,"Refrigerator","","","1.02","72.78","0.18","-0.79","41.52%","40.96%","41.56%","6.13%","0.10"
00957,"Wooden Parquet Floor","","","0.50","50.00","16.42","31.56","32.23%","13.95%","3.24%","2.05%","0.20"
00958,"Wooden Wardrobe","","","0.56","62.13","11.87","35.85","47.77%","26.81%","7.40%","1.93%","0.20"
00959,"White Wall","","","0.98","95.49","-0.59","2.99","89.82%","89.16%","83.77%","0.23%","0.20"
00960,"White Cabinet Side","","","0.98","92.59","-1.13","3.35","81.98%","82.43%","76.35%","1.84%","0.20"
00961,"Brown Wooden Floor","","","0.96","26.46","1.23","0.96","4.54%","4.12%","4.01%","0.74%","0.20"
00962,"Exterior Wall","","","0.93","83.82","-0.82","7.26","65.78%","64.55%","54.40%","0.16%","0.20"
00963,"Darkbrown Laminate Door","","","0.98","27.98","0.71","0.84","4.96%","4.60%","4.45%","0.83%","0.20"
00964,"Lightbrown Laminate Door","","","0.53","55.99","15.48","33.30","41.03%","19.98%","5.99%","1.18%","0.20"
00965,"Brown TV Console","","","0.88","26.34","5.17","2.71","5.30%","3.19%","3.01%","1.28%","0.20"
00966,"Dark Stone Countertop","","","1.00","29.24","0.11","-0.04","1.08%","1.03%","0.90%","4.95%","0.10"
00967,"Brown Wooden Cabinet","","","0.56","59.76","14.58","32.39","46.52%","24.56%","8.99%","0.36%","0.20"
00968,"White Ceramic Tile","","","0.97","85.51","-0.23","3.20","67.20%","65.82%","61.57%","3.87%","0.20"
00969,"White Plaster Wall","","","0.91","91.91","0.97","8.28","86.48%","80.84%","68.49%","0.00%","0.20"
00970,"Wooden Door","","","0.49","39.26","17.49","23.46","19.71%","6.88%","2.04%","1.89%","0.20"
00971,"Matte Aluminum Window Mullion","","","0.99","87.34","-0.94","1.77","68.41%","69.46%","66.59%","5.76%","0.10"
00972,"Wooden Cabinet","","","0.53","45.52","17.40","25.28","26.42%","10.07%","3.17%","2.36%","0.20"
00973,"Beige Ceramic Tile","","","0.91","80.96","1.45","7.96","63.52%","57.90%","48.74%","0.64%","0.20"
00974,"Dark Laminate Cabinet","","","0.95","30.39","1.68","1.53","6.32%","5.56%","5.27%","0.75%","0.20"
00975,"White Ceramic Tile","","","0.98","95.54","0.03","2.24","89.96%","88.59%","84.61%","3.74%","0.10"
00976,"Rust Color Glazed Ceramic Tile","","","0.96","85.32","0.64","3.58","68.01%","65.14%","60.21%","4.03%","0.10"
00977,"Wall E14 548","","","0.95","92.69","-0.47","4.92","84.04%","82.66%","74.42%","1.27%","0.20"
00978,"Ceiling E14 548","","","0.99","93.76","-0.89","1.86","84.43%","85.15%","81.54%","0.59%","0.10"
00979,"Plastic Ceiling Vent E14 548","","","1.02","92.05","-1.40","-0.41","78.18%","80.47%","80.57%","3.65%","0.05"
00980,"Door E14 548","","","1.01","77.75","-0.79","0.28","51.11%","51.95%","51.06%","2.22%","0.10"
00981,"Carpet Edge E14 548","","","0.95","25.50","0.24","0.05","4.57%","4.67%","4.56%","0.00%","0.20"
00982,"Carpet Center E14 548","","","0.97","29.25","-0.17","0.09","5.83%","6.04%","5.89%","0.00%","0.20"
00983,"Table Surface E14 548","","","0.98","93.57","-0.64","3.24","85.08%","84.43%","78.88%","1.71%","0.10"
00984,"Table Metal Trim E14 548","","","1.02","74.83","-0.57","-0.90","43.51%","44.53%","44.68%","6.53%","0.10"
00985,"Monitor Plastic E14 526","","","1.04","31.07","-0.91","-1.14","5.83%","6.26%","6.50%","0.51%","0.10"
00986,"Monitor Screen E14 526","","","1.00","27.03","-0.70","0.41","2.21%","2.33%","2.30%","2.87%","0.10"
00987,"New Wall E14 526","","","0.95","92.92","-0.36","5.54","85.09%","83.21%","74.00%","1.20%","0.10"
00988,"Old Wall E14 526","","","0.95","92.28","-0.41","5.58","83.51%","81.78%","72.59%","1.13%","0.10"
00989,"Ceiling E14 526","","","0.98","94.81","-0.29","2.34","88.16%","87.31%","83.20%","0.63%","0.10"
00990,"Wood Table E14 526","","","0.68","67.00","7.54","26.85","51.03%","34.76%","16.62%","0.51%","0.10"
00991,"Wood Table Metal Leg E14 526","","","0.95","76.29","0.63","4.11","47.57%","45.70%","41.96%","8.72%","0.10"
00992,"Purple Couch E14 526","","","1.05","26.01","9.59","-6.69","6.67%","3.91%","6.47%","0.00%","0.20"
00993,"Column E14 526","","","0.95","92.42","-0.41","5.35","83.70%","82.11%","73.25%","0.99%","0.10"
00994,"Mullion E14 526","","","1.00","76.24","-0.56","0.35","47.93%","48.71%","48.02%","3.53%","0.01"
00995,"Plastic Ceiling Vent E14 526","","","0.95","87.93","0.03","4.36","73.84%","71.95%","65.40%","1.10%","0.05"
00996,"Sliding Door E14 526","","","1.07","69.39","-1.57","-4.07","36.15%","39.49%","43.07%","1.18%","0.10"
00997,"Carpet E14 526","","","0.88","49.12","1.15","7.16","19.77%","17.61%","13.98%","0.04%","0.20"
00998,"Table E14 526","","","0.95","91.34","0.22","4.93","82.02%","79.08%","71.59%","1.48%","0.10"
00999,"Table Leg E14 526","","","1.01","66.11","-0.36","-0.40","31.36%","32.12%","32.35%","5.18%","0.01"
01000,"Table Wheel E14 526","","","1.02","26.56","-0.02","-0.78","4.59%","4.66%","4.85%","0.28%","0.10"
01001,"Media Lab Granite Steps","","","0.96","42.06","0.12","2.22","12.62%","12.26%","11.26%","0.36%","0.10"
01002,"MIT Med Brick","","","0.62","30.71","14.10","11.77","12.00%","5.21%","3.67%","0.01%","0.20"
01003,"Service Brick","","","0.57","39.00","17.89","16.92","20.46%","8.34%","5.14%","0.05%","0.20"
01004,"100 Memorial Dr Concrete","","","0.80","51.81","2.79","11.79","23.88%","19.73%","13.52%","0.08%","0.20"
01005,"100 Memorial Dr Brick","","","0.77","39.25","9.03","8.34","15.76%","9.68%","7.77%","0.02%","0.20"
01006,"Res Hall Brick","","","0.81","65.29","4.20","13.23","41.83%","33.67%","23.98%","0.13%","0.30"
01007,"Res Hall Stone","","","0.89","73.38","1.59","9.11","50.66%","45.52%","36.70%","0.17%","0.30"
01008,"Media Lab Metal","","","0.99","74.19","-0.55","1.52","45.73%","45.98%","44.00%","2.38%","0.05"
01009,"East Wall 7 301A","","","0.91","89.11","0.38","8.55","78.87%","74.83%","62.23%","0.61%","0.20"
01010,"West Wall 7 301A","","","0.91","88.98","0.41","8.45","78.55%","74.53%","62.12%","0.64%","0.20"
01011,"Tackboard 7 301A","","","0.91","89.00","0.34","8.46","78.54%","74.61%","62.15%","0.61%","0.30"
01012,"Carpet 7 301A","","","0.97","31.83","-0.29","2.10","7.33%","7.13%","6.49%","0.00%","0.20"
01013,"Tabletop 7 301A","","","0.98","92.80","0.01","2.62","83.83%","82.28%","78.03%","1.81%","0.10"
01014,"Table Leg 7 301A","","","1.03","25.26","-0.13","-0.99","3.07%","3.17%","3.29%","1.38%","0.05"
01015,"Table Bottom Edge 7 301A","","","0.63","63.54","8.76","30.58","46.30%","29.25%","10.63%","1.97%","0.20"
01016,"Table Bottom Center 7 301A","","","0.70","42.59","8.63","15.09","19.24%","11.66%","7.04%","0.11%","0.20"
01017,"Door 7 301A","","","0.72","77.00","6.54","25.59","67.42%","48.33%","24.80%","3.28%","0.05"
01018,"Door Closer 7 301A","","","0.91","34.63","1.91","3.19","6.09%","5.09%","4.28%","3.29%","0.05"
01019,"Doorknob 7 301A","","","0.89","35.59","2.69","4.39","9.54%","7.87%","6.76%","0.77%","0.05"
01020,"Paper on Door 7 301A","","","1.13","91.23","3.05","-13.69","75.27%","76.44%","101.91%","0.55%","0.05"
01021,"Fire Alarm 7 301A","","","0.41","40.15","42.00","21.76","36.36%","3.18%","3.92%","0.75%","0.05"
01022,"Light Switch Plate 7 301A","","","0.95","70.46","0.59","4.21","36.45%","35.25%","32.44%","9.73%","0.00"
01023,"Window Sill 7 301A","","","1.01","25.94","-0.02","-0.51","3.01%","3.07%","3.15%","1.71%","0.10"
01024,"Baseboard 7 301A","","","1.02","26.94","-0.15","-0.72","4.75%","4.85%","5.00%","0.24%","0.05"
01025,"Mouse Trap 7 301A","","","1.03","88.74","2.00","-3.88","74.23%","72.36%","79.32%","0.58%","0.10"
01026,"Radiator 7 301A","","","0.90","88.23","0.37","8.99","77.17%","73.00%","60.06%","0.52%","0.10"
01027,"Monitor Black Plastic 7 301A","","","1.06","31.61","0.57","-2.86","5.85%","5.90%","6.81%","0.98%","0.10"
01028,"Monitor Silver Plastic 7 301A","","","0.99","79.22","-0.61","1.24","52.78%","53.37%","51.39%","4.86%","0.10"
01029,"Monitor Screen 7 301A","","","1.04","28.54","-0.41","-1.11","2.46%","2.52%","2.71%","3.19%","1.00"
01030,"TV Screen 7 301A","","","1.02","28.30","0.30","-0.63","0.27%","0.27%","0.41%","5.30%","0.00"
01031,"Duct 7 301A","","","0.91","89.11","0.38","8.71","78.95%","74.84%","62.03%","0.62%","0.20"
01032,"Door Frame 7 301A","","","0.91","88.98","0.31","8.46","78.41%","74.58%","62.11%","0.60%","0.10"
01033,"Window Sill Concrete 7 301A","","","0.78","60.36","3.92","15.24","35.41%","28.01%","18.25%","0.09%","0.30"
01034,"Brick Outside Window 7 301A","","","0.83","69.48","2.28","13.61","46.41%","39.81%","28.10%","0.19%","0.00"
01035,"HVAC Vent Cover 7 301A","","","1.00","78.05","-0.40","0.54","51.23%","51.73%","50.93%","3.66%","0.05"
01036,"Mullions Interior 7 301A","","","1.01","28.63","0.03","-0.43","5.39%","5.42%","5.54%","0.29%","0.10"
01037,"Mullions Exterior 7 301A","","","0.92","46.27","0.18","4.67","16.30%","15.53%","13.09%","0.06%","0.10"
01038,"Metal Spandrel Panel 7 301A","","","0.92","45.72","-0.09","4.27","15.65%","15.15%","12.89%","0.08%","0.10"
01039,"Brick Building 7","","","0.77","75.37","3.71","19.70","59.64%","48.35%","29.88%","0.37%","0.30"
01040,"Brick Building 3","","","0.78","66.36","3.67","16.04","43.62%","35.34%","23.06%","0.17%","0.30"
01041,"Gravel","","","0.94","27.06","-0.41","3.40","5.71%","5.74%","4.92%","0.07%","0.30"
01042,"Concrete Jersey Barrier","","","0.77","57.54","3.21","15.51","31.21%","25.21%","15.76%","0.06%","0.10"
01043,"Concrete Block Barrier","","","0.90","55.43","0.12","7.08","25.17%","23.61%","18.96%","0.04%","0.10"
01044,"Asphalt","","","0.88","33.73","1.32","4.95","8.90%","7.80%","6.32%","0.05%","0.30"
01045,"Construction Office Trailer","","","0.99","79.92","-1.91","2.14","53.49%","55.98%","52.24%","3.38%","0.10"
01046,"Concrete Curb","","","0.82","47.00","1.57","10.20","18.54%","15.98%","11.17%","0.05%","0.10"
01047,"Grass","","","0.64","35.24","-0.00","18.35","10.35%","9.19%","3.53%","0.00%","0.40"
01048,"Brick Building 5","","","0.78","67.20","3.38","17.18","44.89%","36.51%","23.07%","0.24%","0.30"
01049,"Exhaust Stack","","","0.96","76.06","0.32","3.32","42.51%","41.20%","37.93%","15.14%","0.01"
01050,"Brick Building 5 Old","","","0.77","60.91","4.39","16.02","36.56%","28.53%","18.18%","0.13%","0.30"
01051,"Brick Building 1","","","0.80","66.81","3.33","14.53","43.56%","35.95%","24.58%","0.17%","0.30"
01052,"Concrete Pavement","","","0.82","56.28","2.10","12.25","28.34%","24.09%","16.62%","0.06%","0.10"
01053,"Grey Concrete Exterior Floor","","","0.91","69.12","0.99","7.22","42.75%","39.36%","32.78%","0.24%","0.30"
01054,"White Exterior Corridor Wall","","","0.94","90.81","0.10","5.74","81.38%","78.30%","69.24%","0.40%","0.20"
01055,"White Exterior Corridor Wall 2","","","0.96","93.21","0.01","4.17","86.06%","83.48%","76.52%","0.79%","0.20"
01056,"Green Door Frame","","","1.11","37.89","-8.28","-0.59","6.91%","10.84%","10.11%","0.10%","0.20"
01057,"Green Door Panel","","","0.96","56.16","-5.96","5.41","21.18%","25.43%","20.28%","0.17%","0.20"
01058,"Exterior Red Painted Wall","","","0.61","38.63","25.67","11.20","23.76%","6.59%","6.67%","0.04%","0.20"
01059,"Exterior White Painted Wall","","","0.95","93.39","0.11","4.85","86.84%","84.06%","75.96%","0.51%","0.20"
01060,"Leaf 1 Top","","","0.71","33.83","-6.72","14.23","6.94%","9.18%","3.96%","0.00%","0.20"
01061,"Leaf 1 Back","","","0.71","55.95","-7.32","22.13","22.70%","26.62%","11.16%","0.01%","0.20"
01062,"Leaf 2 Top","","","0.64","38.92","-7.96","20.17","9.34%","12.47%","4.08%","0.00%","0.20"
01063,"Leaf 2 Back","","","0.70","58.23","-7.71","24.25","24.98%","29.28%","11.53%","0.08%","0.20"
01064,"Green Tropical Grass","","","0.65","42.55","-9.13","21.23","10.91%","15.09%","5.00%","0.00%","0.20"
01065,"Concrete Exterior Floor","","","0.86","49.28","1.79","7.77","20.26%","17.70%","13.73%","0.02%","0.30"
01066,"Red Brick Sidewalk","","","0.62","40.72","16.88","15.19","21.56%","9.32%","6.28%","0.04%","0.30"
01067,"Metallic Pole","","","1.02","57.78","-1.63","-0.13","21.29%","22.78%","22.29%","4.27%","0.10"
01068,"Green Shrub","","","0.77","31.50","-6.81","9.53","5.41%","7.83%","4.20%","0.06%","0.20"
01069,"Tree Bark Rain Tree","","","0.75","24.88","2.00","8.64","5.35%","4.31%","2.68%","0.03%","0.30"
01070,"Tree Bark Mango Tree","","","0.63","23.05","4.95","12.80","5.57%","3.60%","1.70%","0.01%","0.30"
01071,"Green Leaf From Mango Tree","","","0.66","39.43","-5.74","18.63","10.07%","12.20%","4.46%","0.21%","0.20"
01072,"Tree Bark Unknown Tree","","","0.83","49.73","3.80","9.31","22.18%","17.68%","13.32%","0.04%","0.30"
01073,"White Plaster Facade","","","0.96","92.96","-0.49","4.91","85.15%","83.13%","75.03%","0.78%","0.20"
01074,"Light Concrete Pavement","","","0.86","64.96","1.72","10.34","38.50%","33.94%","25.74%","0.00%","0.30"
01075,"Green Leaf From Rain Tree","","","0.64","39.73","-8.25","20.64","9.42%","12.78%","4.03%","0.20%","0.20"
01076,"White Plaster Facade 2","","","0.97","93.93","-0.53","4.29","87.09%","85.33%","78.02%","0.89%","0.20"
01077,"Light Grey Plaster Facade","","","0.94","78.73","0.26","5.35","57.25%","54.51%","48.13%","0.10%","0.20"
01078,"Beige Plaster Facade","","","0.92","90.43","0.62","7.39","81.90%","77.46%","66.31%","0.43%","0.20"
01079,"Grey Plaster Facade","","","0.95","79.69","0.20","4.72","59.01%","56.77%","50.85%","0.00%","0.20"
01080,"Pale Orange Plaster Facade","","","0.72","78.04","8.79","21.69","71.01%","51.19%","31.24%","0.35%","0.20"
01081,"Light Grey Plaster Facade 2","","","0.96","78.53","0.11","3.76","55.79%","54.17%","49.63%","0.18%","0.20"
01082,"Metallic Shade Overhang","","","1.01","75.98","-0.59","-0.20","47.75%","48.77%","48.79%","2.54%","0.10"
01083,"White Exterior Plaster Facade","","","0.94","83.80","-0.40","5.51","65.59%","64.22%","56.56%","0.06%","0.20"
01084,"Grey Ceramic Tile Wall","","","0.94","59.61","0.62","3.97","26.42%","24.77%","21.86%","3.83%","0.10"
01085,"Grey Exterior Plaster Facade","","","0.98","71.58","-0.02","1.76","43.52%","43.22%","41.14%","0.00%","0.20"
01086,"Concrete Pavement","","","0.85","66.98","1.96","11.57","41.91%","36.52%","27.04%","0.00%","0.30"
01087,"Sandy Concrete Pavement","","","0.85","41.53","1.09","7.32","13.73%","12.26%","9.27%","0.00%","0.30"
01088,"Concrete Block Floor","","","0.91","37.81","0.95","4.01","11.05%","10.11%","8.67%","0.00%","0.30"
01089,"Asphalt Road","","","0.91","40.30","0.77","4.74","12.51%","11.46%","9.60%","0.00%","0.30"
01090,"Light Pink Exterior Plaster Facade","","","0.88","85.40","8.45","7.78","81.86%","63.32%","56.52%","0.70%","0.20"
01091,"Grey Aluminium Window Frame","","","0.98","71.73","-0.27","1.47","41.79%","41.71%","39.77%","2.96%","0.10"
01092,"Dark Brown Aluminium Window Frame","","","0.70","33.37","5.31","13.34","7.96%","5.48%","3.17%","2.18%","0.10"
01093,"Aluminium Door","","","0.98","72.28","-0.29","1.46","42.47%","42.47%","40.55%","3.16%","0.10"
01094,"Tree Bark","","","0.73","29.82","4.24","10.64","8.35%","5.92%","3.65%","0.00%","0.30"
01095,"Light Post","","","0.99","69.63","-0.89","1.37","38.85%","39.61%","37.76%","1.60%","0.20"
01096,"Green Leaf","","","0.71","37.38","-7.16","15.60","8.30%","11.08%","4.61%","0.12%","0.20"
01097,"Red Stone Exterior Floor Tiles","","","0.73","59.55","6.47","17.03","36.42%","26.58%","16.45%","0.12%","0.20"
01098,"Blue Ceramic Exterior Floor Tiles","","","1.09","43.63","-1.84","-4.05","11.23%","13.28%","15.15%","0.65%","0.20"
01099,"Green Reflective Glass","","","1.05","36.22","-4.81","0.76","0.01%","0.01%","0.01%","9.03%","0.10"
01100,"Concrete Grey Exterior Floor Tiles","","","0.93","49.76","0.49","4.60","19.20%","18.01%","15.48%","0.27%","0.20"
01101,"Light Golden Aluminium Column","","","0.94","69.49","-0.76","5.12","39.25%","38.72%","33.26%","2.91%","0.20"
01102,"White Plaster Facade","","","0.88","69.69","1.27","8.75","44.12%","40.28%","32.13%","0.24%","0.20"
01103,"Metallic Hand Rail","","","0.97","73.61","0.94","2.55","40.34%","39.28%","37.81%","11.31%","0.05"
01104,"Granite Wall Tiles Facade","","","0.98","58.60","-0.70","1.57","23.79%","24.18%","22.74%","3.49%","0.20"
01105,"Aluminium Yellow Facade","","","0.67","69.23","4.71","27.32","50.12%","37.63%","15.84%","2.98%","0.20"
01106,"Grey Aluminium Facade","","","0.93","67.19","-0.89","5.78","36.30%","35.83%","30.14%","2.45%","0.10"
01107,"White Rough Plaster Facade","","","0.86","65.21","1.80","9.65","38.55%","34.19%","26.40%","0.09%","0.30"
01108,"Asphalt","","","0.90","43.64","0.74","5.39","14.90%","13.64%","11.24%","0.00%","0.30"
01109,"Asphalt","","","0.89","47.20","1.20","6.35","18.03%","16.13%","13.05%","0.00%","0.30"
01110,"Grass","","","0.62","40.41","-7.30","21.84","10.47%","13.34%","4.14%","0.00%","0.20"
01111,"Aluminum Metal Cladding","","","0.99","84.35","-0.37","0.96","62.69%","62.99%","61.46%","5.33%","0.10"
01112,"Grass 2","","","0.57","42.08","-7.72","27.04","11.70%","14.68%","3.37%","0.00%","0.20"
01113,"Tree Foliage","","","0.68","43.27","-7.92","19.88","11.76%","15.23%","5.58%","0.11%","0.20"
01114,"Grass 3","","","0.65","43.28","-8.10","21.89","11.86%","15.41%","5.08%","0.04%","0.20"
01115,"Dark Tree Foliage","","","0.68","29.52","-6.02","14.98","5.32%","6.89%","2.59%","0.06%","0.20"
01116,"Light New Growth Tree Foliage","","","0.60","37.04","-11.17","24.11","7.30%","11.55%","2.55%","0.11%","0.20"
01117,"Fake Grass Field Astroturf","","","0.87","28.60","-3.35","7.24","5.43%","6.12%","3.98%","0.00%","0.20"
01118,"Grass 4","","","0.58","42.06","-7.19","26.70","11.82%","14.50%","3.44%","0.06%","0.20"
01119,"Grass 5","","","0.64","45.78","-6.91","23.65","14.27%","17.12%","5.50%","0.11%","0.20"
01120,"Road Paver Blocks","","","0.89","45.12","1.40","6.04","16.38%","14.53%","11.83%","0.00%","0.30"
01121,"Asphalt Road","","","0.90","39.97","1.01","5.26","11.50%","10.31%","8.46%","0.98%","0.30"
01122,"Grass","","","0.64","40.62","-7.36","21.58","10.57%","13.40%","4.27%","0.02%","0.20"
01123,"Grass 2","","","0.57","41.62","-9.48","27.74","10.71%","14.63%","3.08%","0.00%","0.20"
01124,"Tree Foliage","","","0.64","45.67","-9.45","24.39","13.11%","17.53%","5.22%","0.02%","0.20"
01125,"Grass 3","","","0.66","47.18","-3.87","23.14","17.13%","17.63%","6.32%","0.03%","0.20"
01126,"Grass 4","","","0.61","40.63","-9.68","24.55","9.81%","13.86%","3.54%","0.00%","0.20"
01127,"Parking Asphalt","","","0.90","36.93","1.15","4.46","10.56%","9.45%","7.95%","0.00%","0.30"
01128,"Parking Asphalt 2","","","0.91","55.66","0.89","6.16","25.65%","23.54%","19.61%","0.01%","0.30"
01129,"Grass 5","","","0.68","41.40","-2.85","18.47","12.93%","13.12%","5.45%","0.00%","0.20"
01130,"Tree Foliage 2","","","0.56","40.48","-10.45","27.44","9.50%","13.98%","2.79%","0.02%","0.20"
01131,"Asphalt Road 2","","","0.91","46.32","0.78","4.86","16.83%","15.49%","13.15%","0.00%","0.30"
01132,"Grass 6","","","0.65","39.10","-6.95","20.24","9.87%","12.39%","4.16%","0.00%","0.20"
01133,"Asphalt Road 3","","","0.92","48.92","0.74","4.84","18.92%","17.50%","14.95%","0.00%","0.30"
01134,"Asphalt Road 4","","","0.92","42.88","0.59","4.22","14.12%","13.12%","11.26%","0.00%","0.30"
01135,"Tree Foliage 3","","","0.83","42.56","-6.56","9.50","11.00%","14.34%","8.90%","0.00%","0.20"
01136,"Yellow Brick","","","0.71","68.31","6.14","22.58","50.74%","37.38%","20.53%","0.04%","0.30"
01137,"Dirty Brick","","","0.82","42.08","1.72","9.51","14.76%","12.53%","8.77%","0.00%","0.30"
01138,"Red Brick","","","0.81","38.05","4.58","7.84","12.95%","9.67%","7.37%","0.00%","0.30"
01139,"Concrete Exterior Wall Daniels Building","","","0.95","57.70","0.46","3.39","26.80%","25.68%","23.25%","0.00%","0.30"
01140,"Concrete Sidewalk","","","0.86","68.44","1.41","11.05","43.37%","38.55%","28.97%","0.07%","0.30"
01141,"Concrete Exterior Wall","","","0.92","64.22","0.68","6.26","35.47%","33.05%","27.94%","0.08%","0.30"
01142,"Concrete Sidewalk 2","","","0.87","46.37","1.42","7.05","17.52%","15.43%","12.16%","0.02%","0.30"
01143,"Brick Paver","","","0.91","38.11","0.86","4.57","11.15%","10.13%","8.49%","0.00%","0.30"
01144,"Asphalt Road","","","0.87","41.22","1.40","6.98","13.70%","11.95%","9.23%","0.00%","0.30"
01145,"White Brick Facade","","","0.85","84.35","1.46","14.52","73.19%","64.78%","47.13%","0.25%","0.30"
01146,"Clean Brick","","","0.73","67.12","4.12","21.02","47.45%","37.25%","20.90%","0.00%","0.30"
01147,"Dirty Brick 2","","","0.84","43.89","1.89","8.55","16.03%","13.65%","10.07%","0.00%","0.30"
01148,"Concrete Sidewalk 3","","","0.88","47.28","1.59","7.00","18.31%","16.01%","12.67%","0.11%","0.30"
01149,"Brick Sidewalk","","","0.84","42.98","3.54","7.82","16.04%","12.77%","9.86%","0.00%","0.30"
01150,"Plaster Exterior Wall","","","0.79","52.68","2.37","13.99","25.10%","20.59%","13.09%","0.01%","0.30"
01151,"Concrete Sidewalk 4","","","0.86","50.64","1.84","8.41","21.74%","18.81%","14.40%","0.00%","0.30"
01152,"Light Yellow Brick","","","0.75","79.92","2.45","23.73","68.26%","56.90%","31.89%","0.09%","0.30"
01153,"Red Brick 2","","","0.47","48.24","23.08","28.39","35.09%","13.02%","5.40%","0.03%","0.30"
01154,"Brick Facade","","","0.73","36.21","9.10","9.96","13.81%","8.13%","5.98%","0.00%","0.30"
01155,"Dirty Asphalt","","","0.88","34.64","1.03","5.28","9.35%","8.31%","6.67%","0.00%","0.30"
01156,"Dark Brick Facade","","","0.93","24.37","2.56","1.31","4.90%","4.05%","3.94%","0.00%","0.30"
01157,"Concrete Exterior Wall 2","","","0.84","60.98","2.60","10.80","34.12%","28.92%","21.50%","0.00%","0.30"
01158,"Blue Painted Asphalt","","","1.80","39.63","-8.31","-20.26","4.93%","11.00%","21.08%","0.01%","0.30"
01159,"Rough Concrete Wall","","","0.83","60.95","1.84","11.84","33.71%","29.18%","20.82%","0.00%","0.30"
01160,"Bright Concrete Wall","","","0.84","66.65","1.92","11.85","41.46%","36.04%","26.40%","0.05%","0.30"
01161,"Concrete Exterior Wall 3","","","0.92","67.74","0.63","6.06","40.18%","37.67%","32.24%","0.00%","0.30"
01162,"Concrete Sidewalk 5","","","0.85","52.50","2.17","9.28","23.92%","20.42%","15.33%","0.00%","0.30"
01163,"Brick Paver 2","","","0.81","43.33","5.52","8.67","16.89%","12.11%","9.29%","0.63%","0.30"
01164,"Wall Old Building","","","0.97","93.27","-0.67","3.63","84.68%","84.07%","77.74%","0.39%","0.20"
01165,"Wood Church Pew","","","0.57","43.73","9.67","24.97","20.00%","10.69%","2.82%","2.10%","0.20"
01166,"White Painted Wooden Door","","","0.98","94.07","-0.90","3.36","85.86%","85.78%","79.74%","1.75%","0.20"
01167,"Painted Metal Door","","","0.96","48.79","0.12","1.99","15.72%","15.44%","14.23%","2.45%","0.10"
01168,"White Ceiling","","","0.96","94.02","-0.69","4.09","86.63%","85.89%","78.65%","0.35%","0.20"
01169,"Accessibility Ramp","","","0.96","46.85","0.11","1.84","15.22%","14.97%","13.91%","1.18%","0.20"
01170,"Wood Table","","","0.66","73.84","7.78","32.42","64.71%","43.82%","17.87%","1.76%","0.20"
01171,"Plastic Chair Arm","","","1.04","27.30","-0.15","-1.54","4.27%","4.47%","4.85%","0.77%","0.20"
01172,"Elevator Door","","","0.96","72.38","0.36","3.59","30.46%","29.69%","27.32%","20.95%","0.10"
01173,"Black Door","","","1.02","25.59","-0.02","-0.72","2.54%","2.63%","2.79%","2.03%","0.20"
01174,"Wood Floor","","","0.60","64.36","10.63","33.29","49.76%","29.37%","9.47%","2.41%","0.20"
01175,"Wood Stair Treads","","","0.80","30.31","6.10","6.52","6.92%","4.01%","2.93%","1.94%","0.20"
01176,"Unpainted Wooden Door","","","0.76","76.69","5.14","21.75","63.52%","47.86%","27.51%","3.92%","0.20"
01177,"White Bench","","","0.99","93.63","-1.28","2.10","83.60%","84.91%","80.79%","1.24%","0.20"
01178,"Light Wood Floor","","","0.78","76.40","6.19","18.79","63.99%","47.75%","30.70%","2.23%","0.10"
01179,"Historic Brick Wall","","","0.69","55.37","10.54","18.63","34.63%","21.41%","12.75%","0.00%","0.20"
01180,"New Brick Wall","","","0.65","61.79","7.38","25.45","42.08%","29.12%","13.62%","0.02%","0.20"
01181,"Wood Bench 2","","","0.60","49.53","10.06","25.28","27.55%","15.81%","6.06%","0.92%","0.20"
01182,"Carpeted Stair Tread","","","0.92","34.67","0.68","4.18","9.23%","8.27%","7.01%","0.00%","0.30"
01183,"Wood Floor 2","","","0.56","59.46","13.88","33.63","45.09%","23.81%","7.55%","1.23%","0.20"
01184,"Wood Panel Wall","","","0.74","77.70","6.89","22.96","68.65%","49.92%","28.70%","2.24%","0.20"
01185,"Black Table","","","1.02","24.62","-0.08","-0.70","3.43%","3.51%","3.66%","0.81%","0.20"
01186,"Bench","","","0.77","80.12","4.97","21.78","71.06%","54.74%","32.57%","2.37%","0.20"
01187,"Carpet","","","0.96","29.27","0.28","1.57","6.18%","5.96%","5.52%","0.00%","0.30"
01188,"White Table","","","0.88","86.31","0.35","11.22","73.45%","68.36%","52.83%","2.84%","0.20"
01189,"White Stool","","","0.81","83.65","2.47","16.12","72.57%","62.72%","42.89%","2.31%","0.20"
01190,"Bookshelf","","","0.70","75.38","7.20","26.94","65.72%","46.52%","23.44%","1.50%","0.20"
01191,"Fabric Chair","","","1.03","26.91","0.12","-1.09","5.11%","5.01%","5.31%","0.00%","0.20"
01192,"Wood Table 2","","","0.71","63.12","5.66","22.75","42.50%","30.70%","16.07%","0.11%","0.20"
01193,"Wood Bench 3","","","0.65","55.36","7.72","24.63","33.73%","21.96%","9.94%","0.12%","0.20"
01194,"Black Wall","","","1.02","25.45","-0.09","-0.77","2.97%","3.08%","3.23%","1.53%","0.20"
01195,"White Door","","","0.98","92.90","-1.31","3.17","82.41%","83.27%","77.35%","1.47%","0.20"
01196,"Laminated Wooden Table","","","0.63","53.21","8.22","25.42","28.62%","16.59%","4.58%","4.10%","0.20"
01197,"White Chair","","","0.97","94.61","-1.07","4.53","87.94%","87.22%","79.28%","0.76%","0.20"
01198,"Concrete Floor","","","0.91","60.36","0.50","6.63","30.20%","28.17%","23.23%","0.65%","0.20"
01199,"Concrete Support","","","0.87","71.09","1.15","10.58","47.01%","42.30%","32.44%","0.16%","0.20"
01200,"Grey Wall","","","0.97","46.58","-0.04","1.57","15.52%","15.41%","14.45%","0.45%","0.20"
01201,"Wooden Door","","","0.70","73.16","7.79","25.96","61.64%","42.57%","21.56%","1.85%","0.20"
01202,"Metal Stairs","","","0.97","42.97","-0.12","1.63","12.95%","12.87%","12.05%","0.40%","0.20"
01203,"Padded Chair","","","1.00","36.81","-0.39","0.71","9.14%","9.20%","8.88%","0.30%","0.20"
01204,"Wooden Door 2","","","1.01","27.00","0.58","-0.69","4.03%","3.88%","4.06%","1.21%","0.20"
01205,"White Cabinet Top","","","0.99","93.75","-1.05","2.54","84.42%","84.88%","80.26%","2.29%","0.10"
01206,"Floor 1","","","0.99","66.43","-0.45","1.14","35.02%","35.06%","33.75%","1.45%","0.30"
01207,"White Wall 1","","","0.93","93.40","-0.37","6.92","86.88%","84.54%","72.99%","0.93%","0.20"
01208,"White Board Partition Wall 1","","","0.98","90.39","-0.41","2.75","76.88%","76.35%","71.44%","5.04%","0.01"
01209,"Exterior Hallway Floor","","","0.91","55.68","0.67","5.65","25.25%","23.49%","19.77%","0.17%","0.30"
01210,"White Wall 2","","","1.00","92.39","-0.53","0.99","81.64%","81.51%","79.55%","0.94%","0.20"
01211,"Green Outdoor Wall","","","0.66","77.07","-14.17","42.73","48.08%","59.07%","14.65%","0.43%","0.30"
01212,"Table Top","","","0.55","53.29","15.04","29.02","36.05%","18.14%","6.56%","0.74%","0.20"
01213,"White Concrete Column","","","0.93","93.34","-0.35","7.02","86.89%","84.62%","73.08%","0.00%","0.00"
01214,"Partition Wall 2","","","0.99","94.96","-1.08","2.14","87.11%","87.95%","84.00%","1.06%","0.20"
01215,"Partition Wall 1","","","0.97","89.32","-0.33","3.07","74.64%","74.12%","69.29%","4.42%","0.20"
01216,"Cabinet Top","","","0.99","94.18","-1.07","2.64","85.53%","86.14%","81.41%","1.05%","0.30"
01217,"Cabinet Door","","","0.99","94.10","-1.09","2.47","85.25%","85.97%","81.51%","0.90%","0.30"
01218,"Black Ceiling","","","0.93","39.02","-0.14","3.52","11.16%","10.85%","9.38%","0.00%","0.00"
01219,"White Ceiling","","","0.97","93.34","-0.27","3.52","85.44%","84.06%","78.30%","0.00%","0.00"
01220,"Dropped Acoustic Ceiling Tile","","","0.94","92.33","-0.08","6.32","84.50%","81.65%","71.70%","1.37%","0.30"
01221,"Green Wall","","","0.53","66.53","-13.25","48.87","33.43%","42.98%","5.35%","0.00%","0.00"
01222,"Exterior White Wall","","","0.93","92.45","-0.39","7.19","84.99%","82.63%","71.07%","0.00%","0.00"
01223,"Grey Concrete Floor","","","0.89","61.47","0.80","7.70","32.65%","30.05%","24.23%","0.00%","0.00"
01224,"White Curved Wall","","","0.99","92.05","-0.40","1.72","81.53%","81.00%","78.12%","0.00%","0.00"
01225,"Purple Wall","","","1.01","58.64","4.36","-2.54","29.40%","25.56%","28.60%","0.00%","0.00"
01226,"Floor Tile","","","1.00","67.49","-0.68","0.46","36.43%","37.04%","36.35%","0.67%","0.20"
01227,"White Board 1","","","0.96","94.02","-1.00","4.71","85.55%","85.01%","75.93%","7.29%","0.01"
01228,"White Wall 3","","","0.94","94.50","-0.09","6.69","90.04%","86.83%","75.65%","1.21%","0.30"
01229,"Dark Grey Metal Frame","","","0.95","54.76","0.29","2.78","20.75%","19.99%","17.91%","3.47%","0.10"
01230,"Specular White Wall","","","0.99","94.67","-1.06","2.27","86.41%","86.95%","82.53%","3.05%","0.05"
01231,"White Table","","","0.97","94.06","-0.99","4.11","86.17%","85.96%","78.69%","1.16%","0.20"
01232,"Carpet 1","","","1.02","39.77","-0.69","-0.47","10.89%","11.25%","11.37%","0.00%","0.00"
01233,"Window Mullion 3","","","0.96","52.38","0.25","1.92","19.97%","19.63%","18.33%","1.17%","0.20"
01234,"Partition","","","0.95","79.87","-0.47","7.30","59.84%","56.28%","47.96%","0.20%","0.30"
01235,"Partition Wall 3","","","0.99","94.85","-1.08","2.20","86.88%","87.63%","83.50%","1.46%","0.30"
01236,"White Desk","","","0.99","94.90","-1.16","1.93","86.55%","87.71%","84.00%","2.24%","0.10"
01237,"Table Leg","","","1.01","65.81","-2.04","1.54","33.43%","34.87%","32.98%","1.02%","0.10"
01238,"Red Interior Wall","","","0.71","45.98","27.43","7.01","32.86%","9.95%","12.20%","0.00%","0.00"
01239,"Outdoor Floor Surface","","","0.87","60.63","0.91","9.42","32.02%","28.99%","22.12%","0.00%","0.00"
01240,"Wooden Table Top","","","0.69","77.04","4.99","31.54","68.24%","50.60%","22.27%","0.55%","0.20"
01241,"Floor 2","","","1.00","67.97","-0.71","0.50","37.02%","37.68%","36.95%","0.73%","0.30"
01242,"White Wall 4","","","0.93","93.53","-0.41","6.95","87.35%","85.24%","73.69%","0.00%","0.00"
01243,"Grey Cubicle Fabric Partition","","","1.05","67.03","-2.62","1.72","36.06%","36.92%","35.36%","0.00%","0.00"
01244,"White Board Partition Wall 2","","","0.96","94.43","-1.18","5.06","86.55%","86.38%","76.61%","6.15%","0.01"
01245,"White Painted Metal Frame","","","0.95","91.87","-0.49","5.15","81.77%","80.48%","71.70%","3.19%","0.05"
01246,"Dark Wood Table Top","","","0.56","52.56","15.23","28.13","35.72%","17.49%","6.92%","0.46%","0.30"
01247,"Gray Table","","","1.02","73.14","-0.91","0.30","43.46%","44.06%","43.62%","2.51%","0.10"
01248,"White Long Table","","","0.97","93.27","-0.62","4.18","84.44%","83.66%","76.41%","3.00%","0.10"
01249,"White Square Table","","","0.97","94.22","-1.03","4.04","86.40%","86.36%","79.20%","1.20%","0.20"
01250,"White Table Top","","","0.99","94.72","-1.14","1.92","86.22%","87.36%","83.77%","1.34%","0.20"
01251,"Tile Floor","","","1.00","67.49","-0.68","0.46","36.43%","37.04%","36.35%","0.67%","0.30"
01252,"Cupboard","","","0.99","94.77","-1.16","1.79","86.29%","87.49%","84.05%","1.36%","0.20"
01253,"Dark Grey Sofa","","","1.06","24.32","0.50","-1.97","4.25%","4.13%","4.66%","0.00%","0.00"
01254,"Carpet 2","","","0.73","45.05","3.85","15.41","18.87%","14.29%","8.10%","0.00%","0.00"
01255,"Yellow Workstation Desk","","","0.79","78.76","4.16","20.38","67.08%","52.79%","32.58%","1.63%","0.20"
01256,"Black Monitor Plastic","","","1.02","27.66","0.05","-0.89","4.93%","4.97%","5.18%","0.36%","0.30"
01257,"Gray Wall (Bottom)","","","1.00","39.14","0.73","-0.22","9.24%","8.85%","8.94%","1.97%","0.20"
01258,"White Wall 5","","","0.99","95.26","-1.12","2.40","88.19%","88.72%","83.89%","0.69%","0.30"
01259,"Door","","","0.98","65.31","-0.14","1.47","33.70%","33.48%","32.00%","1.60%","0.20"
01260,"Window Mullion 1","","","0.98","67.04","-0.47","2.17","36.04%","35.91%","33.75%","1.51%","0.10"
01261,"Orange Wooden Table","","","0.78","57.18","4.92","14.49","31.46%","23.75%","15.41%","0.82%","0.30"
01262,"Floor 3","","","1.00","26.43","0.13","0.16","4.41%","4.36%","4.31%","0.55%","0.30"
01263,"Black Chair","","","1.34","33.65","-3.46","-10.14","4.93%","7.39%","10.97%","0.60%","0.30"
01264,"Blue Table","","","0.91","90.84","-0.09","8.88","82.34%","78.75%","65.10%","0.69%","0.30"
01265,"Light Yellow Wall","","","0.91","90.89","0.07","8.90","82.84%","78.84%","65.28%","0.30%","0.30"
01266,"Window Mullion 2","","","1.02","23.69","-0.02","-0.81","2.85%","2.93%","3.08%","1.11%","0.20"
01267,"Light Door","","","1.02","69.26","-0.05","-0.26","39.17%","38.76%","39.05%","1.22%","0.20"
01268,"Dark Door","","","0.99","35.33","0.72","0.64","8.67%","8.22%","8.07%","0.39%","0.20"
01269,"White Board 2","","","0.98","90.69","-0.89","3.27","77.45%","77.12%","72.47%","4.79%","0.01"
01270,"Projector Screen","","","0.98","93.47","-0.94","2.76","84.00%","84.65%","79.21%","0.76%","0.20"
01271,"White Ceiling","","","0.98","95.07","-0.54","3.31","89.07%","88.14%","82.25%","0.29%","0.30"
01272,"Floor 4","","","0.89","71.94","0.99","9.80","47.73%","43.02%","33.66%","0.92%","0.20"
01273,"White Column Exterior","","","0.98","94.40","-0.69","2.99","87.12%","86.54%","81.04%","0.65%","0.30"
01274,"Gray Outdoor Wall","","","0.95","42.99","0.61","2.19","13.57%","12.92%","11.89%","0.24%","0.30"
01275,"Red Exterior Wall","","","0.60","46.88","31.68","12.28","37.50%","9.65%","10.47%","0.02%","0.30"
01276,"Black Computer Case CH","","","1.03","27.61","0.04","-1.33","4.56%","4.72%","5.03%","0.64%","0.30"
01277,"Black Computer Case NL","","","1.02","26.43","0.07","-0.68","3.50%","3.57%","3.69%","1.38%","0.20"
01278,"Black Table Leg CH","","","1.00","37.97","1.55","-0.88","7.22%","6.56%","7.02%","3.58%","0.10"
01279,"Black Table Leg NL","","","1.01","26.34","0.24","-0.63","1.58%","1.63%","1.66%","3.29%","0.10"
01280,"Grey Carpet NL","","","1.02","41.79","-1.74","-0.28","11.57%","12.68%","12.59%","0.00%","0.00"
01281,"Grey Computer Case NL","","","1.01","85.07","-0.45","-0.35","63.04%","63.98%","63.93%","6.50%","0.30"
01282,"Grey Laminated Floor CH","","","0.96","61.83","-0.66","4.11","30.45%","29.59%","26.36%","0.96%","0.30"
01283,"Grey Metallic Door Frame CH","","","1.00","89.13","-0.50","0.29","63.96%","65.22%","65.43%","27.10%","0.05"
01284,"Grey Table Top CH","","","0.97","79.57","-0.62","3.39","56.17%","55.15%","51.01%","1.92%","0.20"
01285,"Grey Table Top NL","","","0.96","77.86","-1.74","4.44","52.37%","52.52%","47.02%","1.83%","0.20"
01286,"White Ceiling Panel NL","","","0.98","92.94","-0.35","2.44","83.94%","82.84%","79.31%","0.09%","0.30"
01287,"White Indoor Window Frame CH","","","0.95","93.63","-1.30","5.68","85.92%","84.25%","75.04%","2.85%","0.10"
01288,"White Indoor Window Frame NL","","","1.00","93.56","-0.78","1.39","83.41%","83.92%","81.15%","3.83%","0.10"
01289,"White Metal Door CH","","","0.96","94.37","-1.23","5.13","87.40%","85.97%","77.39%","3.34%","0.10"
01290,"White Opaque Curtain CH","","","1.02","90.62","-0.50","-0.77","76.31%","77.90%","78.65%","0.11%","0.30"
01291,"White Plaster Ceiling CH","","","0.97","94.72","-0.75","3.31","88.12%","87.08%","81.65%","0.28%","0.30"
01292,"White Plaster Wall CH","","","0.97","94.57","-0.75","3.39","87.83%","86.73%","81.21%","0.22%","0.30"
01293,"White Plaster Wall NL","","","0.95","91.46","-1.37","6.14","81.49%","79.76%","70.76%","0.10%","0.30"
01294,"White Plastic Partition Wall NL","","","0.99","94.19","-0.28","1.38","86.19%","85.75%","83.89%","0.09%","0.30"
